CREATE DATABASE  IF NOT EXISTS `dealsverge` /*!40100 DEFAULT CHARACTER SET utf8mb4 COLLATE utf8mb4_0900_ai_ci */ /*!80016 DEFAULT ENCRYPTION='N' */;
USE `dealsverge`;
-- MySQL dump 10.13  Distrib 8.0.32, for Win64 (x86_64)
--
-- Host: localhost    Database: dealsverge
-- ------------------------------------------------------
-- Server version	8.0.31

/*!40101 SET @OLD_CHARACTER_SET_CLIENT=@@CHARACTER_SET_CLIENT */;
/*!40101 SET @OLD_CHARACTER_SET_RESULTS=@@CHARACTER_SET_RESULTS */;
/*!40101 SET @OLD_COLLATION_CONNECTION=@@COLLATION_CONNECTION */;
/*!50503 SET NAMES utf8 */;
/*!40103 SET @OLD_TIME_ZONE=@@TIME_ZONE */;
/*!40103 SET TIME_ZONE='+00:00' */;
/*!40014 SET @OLD_UNIQUE_CHECKS=@@UNIQUE_CHECKS, UNIQUE_CHECKS=0 */;
/*!40014 SET @OLD_FOREIGN_KEY_CHECKS=@@FOREIGN_KEY_CHECKS, FOREIGN_KEY_CHECKS=0 */;
/*!40101 SET @OLD_SQL_MODE=@@SQL_MODE, SQL_MODE='NO_AUTO_VALUE_ON_ZERO' */;
/*!40111 SET @OLD_SQL_NOTES=@@SQL_NOTES, SQL_NOTES=0 */;

--
-- Table structure for table `admin`
--

DROP TABLE IF EXISTS `admin`;
/*!40101 SET @saved_cs_client     = @@character_set_client */;
/*!50503 SET character_set_client = utf8mb4 */;
CREATE TABLE `admin` (
  `Admin_Id` varchar(20) NOT NULL,
  `Username` varchar(45) NOT NULL,
  `Password` varchar(45) NOT NULL,
  `First_Name` varchar(45) NOT NULL,
  `Last_Name` varchar(45) DEFAULT NULL,
  `Email_ID` varchar(45) NOT NULL,
  `Phone_Number` varchar(45) NOT NULL,
  `Gender` varchar(45) DEFAULT NULL,
  `Age` int NOT NULL,
  `Managers` int NOT NULL,
  `Sellers` int NOT NULL,
  `Manufacturers` int NOT NULL,
  `Customers` int NOT NULL,
  PRIMARY KEY (`Admin_Id`),
  UNIQUE KEY `Admin_Id_UNIQUE` (`Admin_Id`)
) ENGINE=InnoDB DEFAULT CHARSET=utf8mb4 COLLATE=utf8mb4_0900_ai_ci;
/*!40101 SET character_set_client = @saved_cs_client */;

--
-- Dumping data for table `admin`
--

LOCK TABLES `admin` WRITE;
/*!40000 ALTER TABLE `admin` DISABLE KEYS */;
INSERT INTO `admin` VALUES ('AD1','OnePunchMan','mb123','Marques','Brownie','marquesb@gmail.com','9988556644','Male',32,50,50,50,50),('AD2','Naruto','nt456','Harry','Potter','potter.harry@yahoo.in','9876543210','Male',35,50,50,50,50);
/*!40000 ALTER TABLE `admin` ENABLE KEYS */;
UNLOCK TABLES;

--
-- Table structure for table `cart`
--

DROP TABLE IF EXISTS `cart`;
/*!40101 SET @saved_cs_client     = @@character_set_client */;
/*!50503 SET character_set_client = utf8mb4 */;
CREATE TABLE `cart` (
  `Customer_ID` varchar(20) NOT NULL,
  `Number_Of_Items` int DEFAULT NULL,
  PRIMARY KEY (`Customer_ID`),
  CONSTRAINT `Customer_ID1` FOREIGN KEY (`Customer_ID`) REFERENCES `customers` (`Customer_ID`)
) ENGINE=InnoDB DEFAULT CHARSET=utf8mb4 COLLATE=utf8mb4_0900_ai_ci;
/*!40101 SET character_set_client = @saved_cs_client */;

--
-- Dumping data for table `cart`
--

LOCK TABLES `cart` WRITE;
/*!40000 ALTER TABLE `cart` DISABLE KEYS */;
INSERT INTO `cart` VALUES ('C0001',5),('C0008',2),('C0049',0),('C0067',3),('C0098',1);
/*!40000 ALTER TABLE `cart` ENABLE KEYS */;
UNLOCK TABLES;

--
-- Table structure for table `cart_items`
--

DROP TABLE IF EXISTS `cart_items`;
/*!40101 SET @saved_cs_client     = @@character_set_client */;
/*!50503 SET character_set_client = utf8mb4 */;
CREATE TABLE `cart_items` (
  `S.No` int NOT NULL,
  `Customer_ID` varchar(45) DEFAULT NULL,
  `Product_ID` varchar(45) DEFAULT NULL,
  `Product_Name` varchar(45) DEFAULT NULL,
  `Quantity` int DEFAULT NULL,
  `Amount` int DEFAULT '0',
  PRIMARY KEY (`S.No`)
) ENGINE=InnoDB DEFAULT CHARSET=utf8mb4 COLLATE=utf8mb4_0900_ai_ci;
/*!40101 SET character_set_client = @saved_cs_client */;

--
-- Dumping data for table `cart_items`
--

LOCK TABLES `cart_items` WRITE;
/*!40000 ALTER TABLE `cart_items` DISABLE KEYS */;
INSERT INTO `cart_items` VALUES (1,'C0001','PD001','Apples',5,1950),(2,'C0001','PD002','Bread',3,2850),(3,'C0001','PD042','Western',2,1900),(4,'C0001','PD039','Ties',1,280),(5,'C0001','PD023','Watermelon',7,2520);
/*!40000 ALTER TABLE `cart_items` ENABLE KEYS */;
UNLOCK TABLES;

--
-- Table structure for table `customers`
--

DROP TABLE IF EXISTS `customers`;
/*!40101 SET @saved_cs_client     = @@character_set_client */;
/*!50503 SET character_set_client = utf8mb4 */;
CREATE TABLE `customers` (
  `Customer_ID` varchar(20) NOT NULL,
  `First_Name` varchar(30) NOT NULL,
  `Last_Name` varchar(30) NOT NULL,
  `Email_ID` varchar(200) DEFAULT NULL,
  `Phone_Number` varchar(11) NOT NULL,
  `Gender` varchar(30) DEFAULT NULL,
  `DOB` date NOT NULL,
  `Age` int DEFAULT NULL,
  `House_Number` varchar(10) DEFAULT NULL,
  `Street` varchar(100) DEFAULT NULL,
  `City` varchar(100) DEFAULT NULL,
  `PIN` varchar(10) DEFAULT NULL,
  `State` varchar(30) DEFAULT NULL,
  PRIMARY KEY (`Customer_ID`),
  KEY `idx_customers_Customer_ID` (`Customer_ID`)
) ENGINE=InnoDB DEFAULT CHARSET=utf8mb4 COLLATE=utf8mb4_0900_ai_ci;
/*!40101 SET character_set_client = @saved_cs_client */;

--
-- Dumping data for table `customers`
--

LOCK TABLES `customers` WRITE;
/*!40000 ALTER TABLE `customers` DISABLE KEYS */;
INSERT INTO `customers` VALUES ('C0001','Rossy','Tanzer','rtanzer0@europa.eu','8581663550','Male','1996-01-30',27,'V-019','Holmberg','New Orleans','70116','LA'),('C0002','Deva','Wickendon','dwickendon1@npr.org','3570579004','Female','2003-05-17',19,'U-358','Hermina','Brighton','48116','MI'),('C0003','Ailyn','Jacklin','ajacklin2@yandex.ru','4510966658','Female','1993-04-25',29,'A-759','Wayridge','Bridgeport','8014','NJ'),('C0004','Janelle','Stanluck','jstanluck3@google.pl','4055121188','Female','1989-01-08',34,'N-760','7th','Anchorage','99501','AK'),('C0005','Brady','Ohrtmann','bohrtmann4@harvard.edu','3020485722','Male','2002-06-11',20,'Y-744','Veith','Hamilton','45011','OH'),('C0006','Loraine','Painswick','lpainswick5@sun.com','2568445990','Female','1984-01-04',39,'O-512','Clyde Gallagher','Ashland','44805','OH'),('C0007','Austin','Larmour','alarmour6@de.vu','1871251977','Male','1990-11-29',32,'K-092','Mcbride','Chicago','60632','IL'),('C0008','Morlee','Joanaud','mjoanaud7@storify.com','1546588694','Male','2006-05-28',16,'O-683','Ridge Oak','San Jose','95111','CA'),('C0009','Nickolai','Sauniere','nsauniere8@squidoo.com','6437818802','Male','1986-08-29',36,'J-005','Chive','Sioux Falls','57105','SD'),('C0010','Lydon','Fear','lfear9@paginegialle.it','3970920143','Male','1999-05-18',23,'R-449','3rd','Baltimore','21224','MD'),('C0011','Iain','Champneys','ichampneysa@dell.com','4934479576','Male','1989-10-08',33,'J-477','Jana','Kulpsville','19443','PA'),('C0012','Silvain','Ingham','singhamb@issuu.com','1790695632','Male','1998-06-20',24,'L-826','Ridge Oak','Middle Island','11953','NY'),('C0013','Geri','Jankiewicz','gjankiewiczc@topsy.com','5461132189','Male','1992-05-19',30,'E-714','Golf View','Los Angeles','90034','CA'),('C0014','Leonard','O\' Finan','lofinand@sina.com.cn','1015714791','Non-binary','1986-10-04',36,'E-129','Thompson','Chagrin Falls','44023','OH'),('C0015','Bennett','Grumbridge','bgrumbridgee@studiopress.com','5347604483','Male','2009-12-03',13,'Y-604','Corry','Laredo','78045','TX'),('C0016','Rockey','Edowes','redowesf@salon.com','5347205981','Genderqueer','2009-09-13',13,'Q-469','Bluejay','Phoenix','85013','AZ'),('C0017','Vern','Pevie','vpevieg@php.net','9877693213','Male','1993-06-07',29,'I-786','Vidon','Mc Minnville','37110','TN'),('C0018','Gilly','Camus','gcamush@dropbox.com','4294006596','Female','1985-09-05',37,'H-150','North','Milwaukee','53207','WI'),('C0019','Carole','Eastment','ceastmenti@jalbum.net','8924238076','Female','2011-02-22',11,'M-763','2nd','Taylor','48180','MI'),('C0020','Jeffry','Barrowcliffe','jbarrowcliffej@wired.com','6512179117','Male','1984-03-18',38,'A-181','Hansons','Rockford','61109','IL'),('C0021','Tito','Escale','tescalek@is.gd','4830026439','Male','1983-02-22',39,'V-947','Vahlen','Aston','19014','PA'),('C0022','Cynthy','Strelitz','cstrelitzl@cmu.edu','4839021862','Non-binary','1987-11-08',35,'K-514','Blaine','San Jose','95111','CA'),('C0023','Jenine','Thwaites','jthwaitesm@hao123.com','3096280717','Female','1989-08-07',33,'A-548','Shelley','Irving','75062','TX'),('C0024','Valeria','McConville','vmcconvillen@noaa.gov','9954971521','Female','2011-10-14',11,'O-203','Petterle','Albany','12204','NY'),('C0025','Kylila','Lanchbury','klanchburyo@squidoo.com','9944750000','Female','1993-01-11',30,'D-420','New Castle','Middlesex','8846','NJ'),('C0026','Mata','Etheridge','metheridgep@is.gd','6867231872','Male','2007-09-07',15,'J-266','Barby','Stevens Point','54481','WI'),('C0027','Crissy','Dwyer','cdwyerq@ihg.com','2474588913','Female','1982-04-09',40,'P-941','Carberry','Shawnee','66218','KS'),('C0028','Raimondo','Traylen','rtraylenr@tamu.edu','9234540474','Male','1995-06-04',27,'C-101','Texas','Easton','21601','MD'),('C0029','Charity','Charlwood','ccharlwoods@cnbc.com','9748310895','Female','2002-10-27',20,'Q-203','Bluestem','New York','10011','NY'),('C0030','Jacquenette','Outridge','joutridget@nba.com','4196120791','Female','2008-06-10',14,'F-766','Macpherson','Conroe','77301','TX'),('C0031','Leeann','Dewsnap','ldewsnapu@army.mil','6696579565','Female','2010-07-05',12,'Q-374','Dixon','Columbus','43215','OH'),('C0032','Reinhold','Kynder','rkynderv@nytimes.com','5810945780','Polygender','2008-03-24',14,'K-276','Fordem','Las Cruces','88011','NM'),('C0033','Donn','Dunan','ddunanw@cdbaby.com','7810449327','Male','2009-12-03',13,'A-789','Forest','Ridgefield Park','7660','NJ'),('C0034','Cherianne','Cubberley','ccubberleyx@mit.edu','1280290665','Female','2006-02-15',16,'A-052','Buena Vista','Dunellen','8812','NJ'),('C0035','Oliver','Batrick','obatricky@baidu.com','9408083228','Male','2009-05-10',13,'P-947','Florence','New York','10025','NY'),('C0036','Andrej','Folke','afolkez@ebay.com','4381258644','Male','1983-11-26',39,'G-122','6th','Metairie','70002','LA'),('C0037','Carline','Warry','cwarry10@sina.com.cn','7303231279','Bigender','2011-03-06',11,'I-088','Warrior','New York','10011','NY'),('C0038','Caspar','Zecchi','czecchi11@themeforest.net','5033302567','Male','1980-08-05',42,'O-425','Kim','Camarillo','93012','CA'),('C0039','Erroll','Thys','ethys12@symantec.com','6514414580','Male','2005-02-26',17,'O-020','Namekagon','San Antonio','78204','TX'),('C0040','Kirk','Collyns','kcollyns13@odnoklassniki.ru','8029902372','Male','1980-06-30',42,'J-797','Basil','Abilene','67410','KS'),('C0041','Edmund','Roston','eroston14@netvibes.com','8941445328','Male','2004-05-27',18,'X-538','Stoughton','Prineville','97754','OR'),('C0042','Giselle','Hacquard','ghacquard15@mail.ru','5196921824','Female','2008-10-24',14,'E-606','Packers','Overland Park','66204','KS'),('C0043','Kaitlynn','Overthrow','koverthrow16@delicious.com','5823230424','Female','2008-04-04',14,'Z-517','Southridge','Fairbanks','99708','AK'),('C0044','Kare','Silver','ksilver17@bravesites.com','8905728791','Female','2011-10-07',11,'P-057','Dayton','Miami','33196','FL'),('C0045','Vinnie','De Vaux','vdevaux18@ibm.com','9321909152','Male','2006-11-15',16,'W-410','Westend','Fairbanks','99712','AK'),('C0046','Valentijn','Pistol','vpistol19@zimbio.com','5514613565','Male','1982-07-25',40,'L-360','Prairieview','Hopkins','55343','MN'),('C0047','Carlene','Monard','cmonard1a@fastcompany.com','1341040321','Female','1982-12-04',40,'F-040','Ohio','Boston','2128','MA'),('C0048','Mal','Barwood','mbarwood1b@mlb.com','9143467859','Male','1991-05-09',31,'U-622','Lakewood Gardens','Los Angeles','90006','CA'),('C0049','Nat','Astridge','nastridge1c@house.gov','4555381829','Male','1986-11-21',36,'I-188','Village','Madison','53711','WI'),('C0050','Ivy','Ludgate','iludgate1d@go.com','9994368945','Bigender','1981-09-29',41,'I-669','Ridgeview','Philadelphia','19132','PA'),('C0051','Merrielle','Mawhinney','mmawhinney1e@ask.com','3937564552','Female','1988-07-21',34,'C-491','Jenifer','New York','10003','NY'),('C0052','Jada','Dearnaly','jdearnaly1f@lycos.com','9581100173','Female','1998-04-05',24,'T-460','Monument','Tullahoma','37388','TN'),('C0053','Nestor','Bracci','nbracci1g@tumblr.com','1553522163','Male','1995-01-22',28,'E-853','Sunnyside','Columbia','29201','SC'),('C0054','Astrix','Sarsons','asarsons1h@google.cn','9231928524','Female','2002-12-13',20,'B-715','Vidon','Wayne','19087','PA'),('C0055','Isabelita','Brower','ibrower1i@about.com','9941915047','Non-binary','1998-08-16',24,'H-140','Talmadge','Flemington','8822','NJ'),('C0056','Jens','Emeny','jemeny1j@stanford.edu','6068864701','Male','1985-08-04',37,'U-936','Corscot','Westbury','11590','NY'),('C0057','Benjamen','Bound','bbound1k@washington.edu','3733963850','Male','2001-05-17',21,'P-596','Bultman','Jenkintown','19046','PA'),('C0058','Gabriele','Simukov','gsimukov1l@toplist.cz','2278762844','Male','1980-11-14',42,'Y-460','Farwell','Van Nuys','91405','CA'),('C0059','Ulises','Donovan','udonovan1m@bravesites.com','3408477124','Male','1988-11-15',34,'B-749','Shoshone','Providence','2909','RI'),('C0060','Rafi','Meininking','rmeininking1n@jalbum.net','9350314866','Male','1988-06-26',34,'H-772','Montana','Huntingdon Valley','19006','PA'),('C0061','Amie','Conklin','aconklin1o@ning.com','1996567373','Female','1989-02-17',33,'G-946','Oak','Providence','2904','RI'),('C0062','Bobbie','McCreedy','bmccreedy1p@eepurl.com','4680041866','Female','1998-02-22',24,'D-345','Pleasure','Monroe Township','8831','NJ'),('C0063','Yale','Roarty','yroarty1q@ed.gov','9124032106','Male','1984-03-28',38,'V-392','Darwin','Austin','78731','TX'),('C0064','Fayth','Skevington','fskevington1r@narod.ru','1638407445','Female','2005-08-06',17,'X-756','Scott','Littleton','80126','CO'),('C0065','Kingsly','Gannicott','kgannicott1s@npr.org','5690390252','Male','2009-09-12',13,'C-973','6th','Milwaukee','53214','WI'),('C0066','Roi','Thick','rthick1t@deliciousdays.com','6726609574','Male','1985-04-15',37,'C-953','Porter','New York','10009','NY'),('C0067','Rey','Summerton','rsummerton1u@nsw.gov.au','9871889722','Female','2009-03-12',13,'S-491','Dunning','Anchorage','99515','AK'),('C0068','Nobie','Brellin','nbrellin1v@netlog.com','9290493162','Male','1993-11-15',29,'O-841','Eliot','Erie','16502','PA'),('C0069','Tommie','Zealy','tzealy1w@usnews.com','1697712246','Female','2011-05-26',11,'R-514','Raven','Glen Burnie','21061','MD'),('C0070','Yuma','Petworth','ypetworth1x@earthlink.net','5517282448','Male','1995-09-17',27,'K-474','Dahle','Boise','83707','ID'),('C0071','Ingram','Barriball','ibarriball1y@springer.com','2368638189','Male','1987-01-31',36,'V-951','Monument','San Francisco','94104','CA'),('C0072','Carey','Turnor','cturnor1z@sitemeter.com','4119054899','Female','1995-12-12',27,'H-232','Union','Chapel Hill','27514','NC'),('C0073','Con','Symon','csymon20@facebook.com','8234146514','Female','2003-10-20',19,'P-757','Red Cloud','San Carlos','94070','CA'),('C0074','Malissa','Cronkshaw','mcronkshaw21@mozilla.org','8963463936','Female','2006-05-16',16,'H-652','Dovetail','Concord','94520','CA'),('C0075','Laure','Goward','lgoward22@sfgate.com','5352330232','Female','1998-12-05',24,'W-397','Rusk','London','43140','OH'),('C0076','Suellen','Forrington','sforrington23@com.com','2918597505','Female','2012-01-06',11,'C-182','Anthes','Wellsville','14895','NY'),('C0077','Aubry','Frontczak','afrontczak24@moonfruit.com','1865985590','Genderqueer','1990-02-04',33,'T-602','Brentwood','Baltimore','21215','MD'),('C0078','Hoebart','Murname','hmurname25@google.pl','9098377443','Male','1997-01-03',26,'Z-942','Prairie Rose','Newark','7105','NJ'),('C0079','Rosabelle','Malenfant','rmalenfant26@ustream.tv','5809935920','Female','1997-10-07',25,'V-380','Pleasure','Chicago','60647','IL'),('C0080','Hadrian','Waliszek','hwaliszek27@odnoklassniki.ru','8908927148','Male','1994-10-19',28,'G-037','Ryan','Newark','7104','NJ'),('C0081','Albert','Longstreet','alongstreet28@squarespace.com','2516125790','Male','2009-11-20',13,'Y-334','Randy','Clovis','88101','NM'),('C0082','Rosalinde','Bengtsen','rbengtsen29@elpais.com','9442059015','Female','1983-11-23',39,'W-100','Fordem','Staten Island','10309','NY'),('C0083','Elbert','Snarr','esnarr2a@dot.gov','8089117638','Male','1999-08-23',23,'V-805','Westridge','Jacksonville','32254','FL'),('C0084','Keelby','Creegan','kcreegan2b@seesaa.net','8981606428','Male','2008-12-04',14,'H-598','Ludington','Hayward','94545','CA'),('C0085','Lorrie','Loynton','lloynton2c@jimdo.com','8936998689','Genderfluid','2007-02-25',15,'C-220','Manley','Beachwood','44122','OH'),('C0086','Jordon','Angelini','jangelini2d@nationalgeographic.com','8184453153','Agender','2011-07-28',11,'R-206','Dixon','Euless','76040','TX'),('C0087','Nikkie','Duggary','nduggary2e@google.co.jp','2516440412','Female','2001-02-28',21,'S-776','Karstens','Gardena','90247','CA'),('C0088','Gardie','Gatfield','ggatfield2f@feedburner.com','2211379539','Male','2001-04-16',21,'T-053','Pankratz','Evanston','60201','IL'),('C0089','Hedda','Daintith','hdaintith2g@businesswire.com','4378207170','Female','2003-06-24',19,'R-617','Eggendart','Akron','44302','OH'),('C0090','Hewie','Gamil','hgamil2h@ameblo.jp','2330640149','Male','2000-09-16',22,'D-175','Longview','Philadelphia','19106','PA'),('C0091','Elia','O\'Crigane','eocrigane2i@so-net.ne.jp','2268986904','Male','1997-11-15',25,'T-649','Annamark','Burlingame','94010','CA'),('C0092','Yale','Wilne','ywilne2j@ehow.com','4875007961','Male','1985-06-25',37,'U-635','6th','San Gabriel','91776','CA'),('C0093','Roana','Garrod','rgarrod2k@fda.gov','2846548768','Female','1994-12-08',28,'E-201','Burning Wood','Waco','76708','TX'),('C0094','Tootsie','Tatlock','ttatlock2l@homestead.com','7078402070','Female','1988-09-27',34,'K-249','New Castle','Anchorage','99501','AK'),('C0095','Tedda','Showte','tshowte2m@google.com.au','1515196076','Female','1992-02-11',30,'F-017','Meadow Vale','San Jose','95110','CA'),('C0096','Jessika','Von Salzberg','jvonsalzberg2n@webs.com','5867247204','Female','1980-10-26',42,'J-668','Clarendon','San Leandro','94577','CA'),('C0097','Hagen','Quince','hquince2o@businessinsider.com','1022568559','Male','1990-10-24',32,'M-938','Lake View','Indianapolis','46202','IN'),('C0098','Consolata','Moncrefe','cmoncrefe2p@java.com','4364565573','Female','2011-05-08',11,'W-350','Lakeland','Rock Springs','82901','WY'),('C0099','Stillmann','Horbath','shorbath2q@wix.com','6883106611','Male','1995-03-11',27,'C-452','Mandrake','Mc Lean','22102','VA'),('C0100','Alysia','Crickmer','acrickmer2r@addthis.com','4268718741','Female','2005-03-11',17,'S-347','Garrison','Rock Springs','82901','WY');
/*!40000 ALTER TABLE `customers` ENABLE KEYS */;
UNLOCK TABLES;

--
-- Table structure for table `delivery_partners`
--

DROP TABLE IF EXISTS `delivery_partners`;
/*!40101 SET @saved_cs_client     = @@character_set_client */;
/*!50503 SET character_set_client = utf8mb4 */;
CREATE TABLE `delivery_partners` (
  `Delivery_Partner_ID` varchar(20) NOT NULL,
  `First_Name` varchar(45) NOT NULL,
  `Last_Name` varchar(45) NOT NULL,
  `Phone_Number` varchar(45) NOT NULL,
  `Email_ID` varchar(45) NOT NULL,
  `Number_of_Orders` int DEFAULT NULL,
  `Orders_Delivered` int DEFAULT NULL,
  `Orders_Left` int DEFAULT NULL,
  `Payments` int DEFAULT NULL,
  `Manager_ID` varchar(45) DEFAULT NULL,
  PRIMARY KEY (`Delivery_Partner_ID`),
  UNIQUE KEY `Delivery_Partner_ID_UNIQUE` (`Delivery_Partner_ID`),
  KEY `Manager_ID_idx` (`Manager_ID`),
  CONSTRAINT `Manager_ID` FOREIGN KEY (`Manager_ID`) REFERENCES `managers` (`Manager_ID`)
) ENGINE=InnoDB DEFAULT CHARSET=utf8mb4 COLLATE=utf8mb4_0900_ai_ci;
/*!40101 SET character_set_client = @saved_cs_client */;

--
-- Dumping data for table `delivery_partners`
--

LOCK TABLES `delivery_partners` WRITE;
/*!40000 ALTER TABLE `delivery_partners` DISABLE KEYS */;
INSERT INTO `delivery_partners` VALUES ('D0001','Daryl','Lambot','9880832910','dlambot0@ovh.net',54,1,53,3820,'M0001'),('D0002','Sarena','Fenemore','303121026','sfenemore1@printfriendly.com',27,21,6,2940,'M0002'),('D0003','Gusella','Sumpner','8736704959','gsumpner2@moonfruit.com',12,1,11,8720,'M0003'),('D0004','Concettina','Helstrip','8549086906','chelstrip3@devhub.com',91,69,22,2040,'M0004'),('D0005','Rozanne','Sparshott','5835510774','rsparshott4@goo.gl',31,23,8,6340,'M0005'),('D0006','Opaline','Fullerlove','6273231766','ofullerlove5@youtube.com',64,25,39,1330,'M0006'),('D0007','Fonzie','Dockerty','5753474546','fdockerty6@mediafire.com',27,5,22,8050,'M0007'),('D0008','Sheelah','Plascott','5490384635','splascott7@mit.edu',72,69,3,4760,'M0008'),('D0009','Kerry','Cappell','731481847','kcappell8@hubpages.com',5,5,0,5700,'M0009'),('D0010','Max','Fransman','2001933637','mfransman9@wired.com',84,69,15,780,'M0010'),('D0011','Serge','Silburn','7172005535','ssilburna@nymag.com',82,69,13,990,'M0011'),('D0012','Tore','Aggus','3485004137','taggusb@sun.com',71,60,11,90,'M0012'),('D0013','Rodolphe','Durtnel','5603032843','rdurtnelc@newyorker.com',95,58,37,7550,'M0013'),('D0014','Darill','Wittey','6505187400','dwitteyd@istockphoto.com',91,52,39,1420,'M0014'),('D0015','Paten','Dilawey','3218380362','pdilaweye@webmd.com',99,56,43,7520,'M0015'),('D0016','Nealon','Castlake','6588664614','ncastlakef@live.com',52,23,29,2910,'M0016'),('D0017','Nollie','Whittaker','6546380075','nwhittakerg@ameblo.jp',26,25,1,9210,'M0017'),('D0018','Devinne','Bourdis','4431667980','dbourdish@diigo.com',97,56,41,3210,'M0018'),('D0019','Edlin','Aleksahkin','9357312761','ealeksahkini@histats.com',75,18,57,1090,'M0019'),('D0020','Bud','Walthew','6157954452','bwalthewj@sitemeter.com',20,2,18,7420,'M0020'),('D0021','Kayne','Vignaux','8590117055','kvignauxk@microsoft.com',19,15,4,660,'M0021'),('D0022','Vergil','Pudsey','1050461406','vpudseyl@loc.gov',9,5,4,1520,'M0022'),('D0023','Willis','Graeme','5432919090','wgraemem@oaic.gov.au',71,20,51,1080,'M0023'),('D0024','Zacharie','Saggers','2444224783','zsaggersn@dropbox.com',60,51,9,5900,'M0024'),('D0025','Coop','McMeekin','4323349764','cmcmeekino@google.es',41,39,2,760,'M0025'),('D0026','Jacklin','Dearth','9484922969','jdearthp@umich.edu',89,58,31,1990,'M0026'),('D0027','Kristian','Vasilkov','6939337947','kvasilkovq@shareasale.com',82,52,30,8360,'M0027'),('D0028','Mylo','Tomczykowski','2986391985','mtomczykowskir@oakley.com',19,15,4,1800,'M0028'),('D0029','Lexy','Quinby','8738106862','lquinbys@toplist.cz',66,18,48,3210,'M0029'),('D0030','Shaughn','Sowersby','7255993295','ssowersbyt@wunderground.com',43,12,31,6800,'M0030'),('D0031','Chase','Vize','1767301884','cvizeu@archive.org',55,52,3,4000,'M0031'),('D0032','Ruthie','Berndtsson','8533997554','rberndtssonv@godaddy.com',30,5,25,9960,'M0032'),('D0033','Jonell','De Lisle','3059346329','jdelislew@ucla.edu',94,25,69,5070,'M0033'),('D0034','Aylmar','Abbatini','748020968','aabbatinix@zimbio.com',34,23,11,4000,'M0034'),('D0035','Crissy','Kuscha','3895392075','ckuschay@addthis.com',0,0,0,730,'M0035'),('D0036','Daniele','Meir','1333266724','dmeirz@state.tx.us',76,52,24,5150,'M0036'),('D0037','Nickolaus','Ortes','3244897224','nortes10@friendfeed.com',25,25,0,9290,'M0037'),('D0038','Shandee','McManamon','9439065284','smcmanamon11@jugem.jp',31,5,26,5390,'M0038'),('D0039','Alexandrina','Farquar','2109578674','afarquar12@army.mil',85,8,77,4910,'M0039'),('D0040','Timmy','Bucktrout','3288873404','tbucktrout13@tumblr.com',95,7,88,430,'M0040'),('D0041','Paulette','Denge','1624761680','pdenge14@jimdo.com',16,3,13,3960,'M0041'),('D0042','Darrell','Newton','1905055345','dnewton15@earthlink.net',28,2,26,7470,'M0042'),('D0043','Claire','O\'Cahsedy','9311785532','cocahsedy16@parallels.com',18,5,13,9420,'M0043'),('D0044','Howey','Ramsdell','6575765104','hramsdell17@apache.org',56,56,0,3340,'M0044'),('D0045','Theodoric','Crafts','4646369258','tcrafts18@nyu.edu',50,20,30,6480,'M0045'),('D0046','Erda','Aseef','9003444981','easeef19@geocities.jp',17,15,2,4020,'M0046'),('D0047','Mercy','Enefer','6426969799','menefer1a@opera.com',27,27,0,3760,'M0047'),('D0048','Clayton','Dorney','3683969914','cdorney1b@chronoengine.com',64,56,8,2490,'M0048'),('D0049','Wald','Marte','7368526412','wmarte1c@so-net.ne.jp',11,1,10,390,'M0049'),('D0050','Kasey','Bendle','9759965050','kbendle1d@merriam-webster.com',97,58,39,9270,'M0050'),('D0051','Jolie','Miliffe','5041850883','jmiliffe1e@un.org',84,58,26,8440,'M0051'),('D0052','Nicolais','Fontell','8907782487','nfontell1f@redcross.org',48,45,3,3310,'M0052'),('D0053','Sandy','Hakewell','613900717','shakewell1g@weebly.com',31,29,2,7870,'M0053'),('D0054','Estevan','Beddall','3920719424','ebeddall1h@shutterfly.com',38,28,10,7330,'M0054'),('D0055','Kerby','Kingsnode','2142864244','kkingsnode1i@hc360.com',36,23,13,3400,'M0055'),('D0056','Broderick','Kitchingman','9884891564','bkitchingman1j@salon.com',36,26,10,2620,'M0056'),('D0057','Mitchel','Roobottom','3367267603','mroobottom1k@homestead.com',23,17,6,7560,'M0057'),('D0058','Randie','Donne','5410685060','rdonne1l@eepurl.com',37,25,12,6870,'M0058'),('D0059','Allistir','Lipgens','6157932459','alipgens1m@360.cn',25,21,4,3370,'M0059'),('D0060','Diannne','Tillerton','943076293','dtillerton1n@devhub.com',93,52,41,250,'M0060'),('D0061','Hildegarde','Spearman','5364050443','hspearman1o@yelp.com',93,48,45,5310,'M0061'),('D0062','Emilia','Vanichkin','92074802','evanichkin1p@g.co',8,5,3,1090,'M0062'),('D0063','Tomkin','Mossbee','4606995347','tmossbee1q@xing.com',3,2,1,8970,'M0063'),('D0064','Adolf','Yearn','5163333460','ayearn1r@google.co.uk',1,0,1,2280,'M0064'),('D0065','Clerkclaude','Ibotson','7798598643','cibotson1s@ucsd.edu',90,56,34,1610,'M0065'),('D0066','Mic','Gonneau','2995120456','mgonneau1t@wordpress.org',8,5,3,6930,'M0066'),('D0067','Jdavie','Scrine','5554446777','jscrine1u@hostgator.com',64,52,12,3710,'M0067'),('D0068','Rora','Dible','5991116701','rdible1v@joomla.org',82,52,30,4770,'M0068'),('D0069','Frederick','Usher','2073529059','fusher1w@domainmarket.com',63,52,11,1480,'M0069'),('D0070','Priscilla','Bigham','1975339206','pbigham1x@answers.com',15,12,3,4720,'M0070'),('D0071','Faye','Frodsham','3683518330','ffrodsham1y@networkadvertising.org',37,23,14,290,'M0071'),('D0072','Ailyn','Hinkens','9307991921','ahinkens1z@indiatimes.com',38,23,15,4500,'M0072'),('D0073','Judah','Wilsey','7806696687','jwilsey20@opera.com',89,56,33,7270,'M0073'),('D0074','Cyndy','Champ','4612908944','cchamp21@instagram.com',50,50,0,3470,'M0074'),('D0075','Merrill','Garlett','1434041327','mgarlett22@clickbank.net',81,17,64,7560,'M0075'),('D0076','Gretal','Bengtsen','9561578604','gbengtsen23@imageshack.us',65,6,59,450,'M0076'),('D0077','Alard','Ricardot','127970545','aricardot24@technorati.com',37,5,32,720,'M0077'),('D0078','Sephira','Fliege','4825279314','sfliege25@microsoft.com',87,5,82,6190,'M0078'),('D0079','Susi','Alfonso','2517837221','salfonso26@engadget.com',31,15,16,4450,'M0079'),('D0080','Luis','Jonsson','4140807773','ljonsson27@bizjournals.com',18,8,10,3910,'M0080'),('D0081','Gretna','Simson','9738972366','gsimson28@shop-pro.jp',13,10,3,3250,'M0081'),('D0082','Budd','Roelvink','1563732294','broelvink29@nymag.com',86,8,78,9090,'M0082'),('D0083','Ramsey','Doulden','1644595481','rdoulden2a@cornell.edu',0,0,0,8130,'M0083'),('D0084','Lyda','Godby','327428924','lgodby2b@xinhuanet.com',74,56,18,6390,'M0084'),('D0085','Kerrie','Ludmann','541792298','kludmann2c@pen.io',74,50,24,9320,'M0085'),('D0086','Marj','Smeuin','6734471707','msmeuin2d@noaa.gov',91,50,41,9880,'M0086'),('D0087','Claus','Heakey','3673433105','cheakey2e@japanpost.jp',10,5,5,6560,'M0087'),('D0088','Elysee','Syvret','4207931769','esyvret2f@salon.com',99,80,19,1050,'M0088'),('D0089','Elisabetta','Ragg','6995999837','eragg2g@mail.ru',18,1,17,960,'M0089'),('D0090','Stephie','MacMakin','6538028213','smacmakin2h@columbia.edu',87,75,12,4920,'M0090'),('D0091','Clarissa','Franz-Schoninger','6246629315','cfranzschoninger2i@ucoz.com',29,24,5,2770,'M0091'),('D0092','Zenia','Zannotti','2497335415','zzannotti2j@studiopress.com',47,21,26,7140,'M0092'),('D0093','Hendrik','Dobbson','9835669592','hdobbson2k@biglobe.ne.jp',72,50,22,5660,'M0093'),('D0094','Fedora','Burchatt','172127394','fburchatt2l@smugmug.com',11,5,6,4680,'M0094'),('D0095','Merlina','Kiln','7925322190','mkiln2m@seattletimes.com',11,9,2,6460,'M0095'),('D0096','Lanie','Showte','414926576','lshowte2n@blogs.com',1,0,1,6250,'M0096'),('D0097','Danyelle','Rosborough','3318025999','drosborough2o@yolasite.com',4,3,1,2640,'M0097'),('D0098','Ricky','Scola','363576595','rscola2p@dell.com',24,15,9,2210,'M0098'),('D0099','Alis','Keyte','1170567730','akeyte2q@quantcast.com',6,4,2,1640,'M0099'),('D0100','Carroll','Bridgens','3326138542','cbridgens2r@angelfire.com',5,2,3,2930,'M0100');
/*!40000 ALTER TABLE `delivery_partners` ENABLE KEYS */;
UNLOCK TABLES;

--
-- Table structure for table `managers`
--

DROP TABLE IF EXISTS `managers`;
/*!40101 SET @saved_cs_client     = @@character_set_client */;
/*!50503 SET character_set_client = utf8mb4 */;
CREATE TABLE `managers` (
  `Manager_ID` varchar(20) NOT NULL,
  `Admin_ID` varchar(20) NOT NULL,
  `First_Name` varchar(45) NOT NULL,
  `Last_Name` varchar(45) DEFAULT NULL,
  `Email_ID` varchar(45) NOT NULL,
  `Phone_Number` varchar(45) NOT NULL,
  `Address` varchar(45) DEFAULT NULL,
  `Gender` varchar(45) DEFAULT NULL,
  `Age` varchar(45) NOT NULL,
  `Sellers` int NOT NULL,
  `Manufacturers` int NOT NULL,
  `Payments` int DEFAULT NULL,
  PRIMARY KEY (`Manager_ID`),
  UNIQUE KEY `Manager_ID_UNIQUE` (`Manager_ID`),
  KEY `Admin_ID_idx` (`Admin_ID`),
  CONSTRAINT `Admin_ID` FOREIGN KEY (`Admin_ID`) REFERENCES `admin` (`Admin_Id`)
) ENGINE=InnoDB DEFAULT CHARSET=utf8mb4 COLLATE=utf8mb4_0900_ai_ci;
/*!40101 SET character_set_client = @saved_cs_client */;

--
-- Dumping data for table `managers`
--

LOCK TABLES `managers` WRITE;
/*!40000 ALTER TABLE `managers` DISABLE KEYS */;
INSERT INTO `managers` VALUES ('M0001','AD1','Erminie','Starton','estarton0@cdc.gov','3614972665','Apt 182','Female','48',93,6,9230),('M0002','AD1','Tye','Fagg','tfagg1@nifty.com','6661858058','Suite 21','Male','91',69,61,7750),('M0003','AD1','Marie-jeanne','Curtayne','mcurtayne2@is.gd','262683667','Apt 616','Female','91',73,15,8970),('M0004','AD2','Walther','Pontin','wpontin3@mayoclinic.com','9388822241','Apt 950','Male','21',88,13,9740),('M0005','AD2','Dewey','Livsey','dlivsey4@google.co.uk','5517398388','Suite 60','Male','1',77,26,1760),('M0006','AD1','Quillan','Antonsen','qantonsen5@dion.ne.jp','2536262751','Suite 30','Male','20',0,42,1860),('M0007','AD2','Buddie','Bonehill','bbonehill6@sciencedirect.com','3251452492','PO Box 25131','Male','55',93,80,750),('M0008','AD1','Talbert','Mandry','tmandry7@tamu.edu','7361415520','Apt 676','Male','65',1,55,2040),('M0009','AD2','Allyn','Dowson','adowson8@indiegogo.com','5714690031','8th Floor','Female','5',37,17,1370),('M0010','AD2','Bibbye','MacCarrick','bmaccarrick9@miitbeian.gov.cn','7991868847','Apt 1124','Female','36',86,91,530),('M0011','AD1','Keely','Darbey','kdarbeya@ocn.ne.jp','8712002993','Room 862','Female','25',55,41,4370),('M0012','AD1','Wynnie','Baleine','wbaleineb@bizjournals.com','2973776101','Room 967','Female','67',50,36,7200),('M0013','AD2','Thoma','Heads','theadsc@nbcnews.com','4087063002','19th Floor','Male','83',24,94,6760),('M0014','AD1','Bren','O\'Carmody','bocarmodyd@fc2.com','5759586991','Room 1904','Female','68',92,92,3340),('M0015','AD2','Phillipe','Rikard','prikarde@quantcast.com','332875852','11th Floor','Male','24',65,4,3640),('M0016','AD1','Daniel','McKag','dmckagf@huffingtonpost.com','6833548837','Room 1737','Male','38',94,86,3670),('M0017','AD2','Norton','Champneys','nchampneysg@icio.us','5245487467','Suite 70','Male','37',31,59,7030),('M0018','AD2','Celine','Scampion','cscampionh@stanford.edu','9264954704','9th Floor','Agender','60',74,1,5180),('M0019','AD1','Maggy','Scurr','mscurri@myspace.com','4484597453','Apt 1815','Female','94',55,17,9450),('M0020','AD2','Aloise','Maywood','amaywoodj@ted.com','8765097001','17th Floor','Genderqueer','39',16,97,1410),('M0021','AD2','Vilhelmina','Whacket','vwhacketk@taobao.com','6532665565','10th Floor','Female','85',95,23,1450),('M0022','AD2','Desi','Cundy','dcundyl@miitbeian.gov.cn','4047613570','14th Floor','Male','81',12,7,7220),('M0023','AD1','Johnnie','Trumper','jtrumperm@cornell.edu','908477853','Apt 579','Genderqueer','91',37,1,5840),('M0024','AD1','Linet','Satford','lsatfordn@cisco.com','3628167826','PO Box 85151','Female','23',1,51,4220),('M0025','AD1','Konstantin','Learoyd','klearoydo@yandex.ru','2440468718','Suite 71','Male','36',70,62,9220),('M0026','AD2','Shaylynn','Hawkey','shawkeyp@ezinearticles.com','7424435138','Room 1176','Female','36',68,87,710),('M0027','AD2','Randee','OIlier','roilierq@tmall.com','5014852115','15th Floor','Female','5',80,33,1200),('M0028','AD1','Mortie','Ponnsett','mponnsettr@google.com.au','5906409915','Suite 94','Male','59',81,83,6030),('M0029','AD2','Sophronia','Langcastle','slangcastles@dion.ne.jp','5199262608','PO Box 54307','Female','52',40,50,560),('M0030','AD1','Adelind','Durnell','adurnellt@seesaa.net','6982493642','PO Box 17819','Female','17',99,20,7430),('M0031','AD2','Otho','Pearcy','opearcyu@yahoo.com','9557005880','Suite 92','Male','52',98,70,3560),('M0032','AD1','Dayna','Gallifont','dgallifontv@nydailynews.com','2134315841','PO Box 97199','Bigender','95',79,7,8980),('M0033','AD2','Adelbert','Stampe','astampew@reuters.com','8642108451','Apt 90','Male','38',46,33,2600),('M0034','AD1','Deirdre','Cumo','dcumox@salon.com','2633097731','Room 787','Female','29',77,12,2620),('M0035','AD2','Norean','Littleover','nlittleovery@edublogs.org','5158915742','Room 1216','Female','35',6,16,5890),('M0036','AD2','Josephina','Filson','jfilsonz@google.com','1998411907','Suite 68','Female','94',60,59,8580),('M0037','AD1','Orlando','Mellhuish','omellhuish10@a8.net','739315305','Room 1800','Male','40',35,9,9070),('M0038','AD1','Edgar','Anning','eanning11@miitbeian.gov.cn','8343058636','Suite 53','Male','11',27,50,3070),('M0039','AD2','Alvan','Gookey','agookey12@blogspot.com','680400014','Suite 86','Male','67',94,91,7980),('M0040','AD2','Yule','Somerset','ysomerset13@simplemachines.org','6791494906','Apt 542','Male','11',82,74,8960),('M0041','AD1','Goldarina','Gallone','ggallone14@shutterfly.com','7310269884','Room 1208','Agender','42',50,17,1130),('M0042','AD2','Bryce','Dumphy','bdumphy15@google.co.jp','5740309266','Room 1453','Male','67',76,38,3440),('M0043','AD2','Curran','Iltchev','ciltchev16@accuweather.com','6525890533','10th Floor','Male','80',29,3,1180),('M0044','AD1','Nickie','Lourens','nlourens17@wordpress.org','8349895896','19th Floor','Female','31',7,63,3410),('M0045','AD1','Tuckie','Issett','tissett18@cbslocal.com','9270047280','Suite 89','Male','6',64,97,9500),('M0046','AD1','Archambault','Mackstead','amackstead19@msu.edu','5320815557','Suite 36','Male','72',88,39,5530),('M0047','AD2','Shermy','Tweedy','stweedy1a@ucoz.ru','3758823112','Apt 1431','Agender','22',65,47,7300),('M0048','AD2','Papagena','Ewbanks','pewbanks1b@webnode.com','4538052742','Suite 9','Female','2',26,4,6410),('M0049','AD1','Rori','Tavernor','rtavernor1c@cam.ac.uk','3015570594','1st Floor','Female','30',12,87,660),('M0050','AD2','Rebecka','Girauld','rgirauld1d@weather.com','4761526731','18th Floor','Female','63',36,74,5560),('M0051','AD1','Kizzee','Van Schafflaer','kvanschafflaer1e@foxnews.com','8913908687','Room 375','Female','6',20,52,1040),('M0052','AD1','Kay','Puttock','kputtock1f@unc.edu','6304939054','Apt 694','Bigender','63',80,42,450),('M0053','AD2','Kit','Ewebank','kewebank1g@squidoo.com','6007238864','Room 6','Female','7',82,88,5170),('M0054','AD2','Xymenes','Laughren','xlaughren1h@barnesandnoble.com','4826760355','14th Floor','Male','34',96,18,50),('M0055','AD1','Annabel','Kernar','akernar1i@skyrock.com','9345758533','PO Box 76609','Genderqueer','63',85,61,8090),('M0056','AD1','Nadeen','Darlaston','ndarlaston1j@php.net','4514981436','Apt 1232','Genderqueer','97',75,26,690),('M0057','AD2','Sheilah','Mowne','smowne1k@ucla.edu','9413585527','Suite 82','Female','32',32,77,950),('M0058','AD1','Merrili','Racine','mracine1l@opensource.org','9274457285','Apt 526','Female','16',15,73,4240),('M0059','AD2','Ermengarde','Hummerston','ehummerston1m@princeton.edu','8304564489','Room 1857','Female','93',23,64,7570),('M0060','AD2','Brendin','Ogg','bogg1n@bigcartel.com','7252040885','PO Box 95920','Male','81',77,82,3900),('M0061','AD1','Brandon','Meeny','bmeeny1o@marriott.com','6682126985','PO Box 9465','Male','19',17,77,2570),('M0062','AD2','Jenilee','Pebworth','jpebworth1p@freewebs.com','1187160967','16th Floor','Female','81',10,40,2800),('M0063','AD1','Cristin','Mordin','cmordin1q@zdnet.com','3351039531','2nd Floor','Female','99',49,71,8880),('M0064','AD2','Minetta','Heinonen','mheinonen1r@army.mil','1191576580','Apt 383','Female','98',43,77,4700),('M0065','AD2','Alec','Buchan','abuchan1s@myspace.com','5192894312','Apt 1359','Genderfluid','98',90,18,3210),('M0066','AD1','Wilfred','Duffil','wduffil1t@github.com','2550037474','Apt 1297','Male','38',70,78,8270),('M0067','AD1','Della','Ramsier','dramsier1u@ow.ly','396161519','Suite 61','Female','42',94,31,8260),('M0068','AD1','Cyndie','Caine','ccaine1v@histats.com','7306292757','Room 1999','Female','63',64,98,9840),('M0069','AD2','Karlik','Hitzke','khitzke1w@furl.net','8574853101','Apt 1830','Male','13',2,73,8380),('M0070','AD2','Marilin','Rozet','mrozet1x@cnn.com','3418576585','PO Box 58001','Female','99',54,85,3330),('M0071','AD1','Micky','Soppeth','msoppeth1y@vk.com','1030618022','Apt 1615','Male','20',67,77,3710),('M0072','AD2','Silvan','Antognazzi','santognazzi1z@loc.gov','9129576149','PO Box 73541','Male','9',77,1,5560),('M0073','AD2','Kimmie','Gillman','kgillman20@utexas.edu','8109401456','Suite 7','Female','71',53,63,8420),('M0074','AD1','Kenna','Toomer','ktoomer21@harvard.edu','2928836520','Suite 99','Female','82',83,83,2410),('M0075','AD2','Oliy','Seivwright','oseivwright22@addtoany.com','3684392776','Suite 40','Female','82',40,24,1620),('M0076','AD1','Reynard','Martinon','rmartinon23@live.com','4910633201','Apt 1876','Male','80',42,46,630),('M0077','AD2','Vivi','Ca','vca24@umn.edu','8716383797','Room 1287','Female','48',45,51,8690),('M0078','AD1','Hernando','Behrendsen','hbehrendsen25@wordpress.com','6891821345','Suite 99','Male','76',22,28,1700),('M0079','AD1','Devy','Havile','dhavile26@about.com','465912009','Suite 51','Male','46',24,63,4950),('M0080','AD1','Alvie','Lesser','alesser27@goodreads.com','1645333478','Room 966','Male','76',45,75,7550),('M0081','AD2','Dinny','Birtwell','dbirtwell28@time.com','9497563044','PO Box 15989','Female','80',55,6,3930),('M0082','AD2','Anna-diane','Brazener','abrazener29@discovery.com','6905394531','Suite 61','Female','61',89,54,5750),('M0083','AD1','Alecia','MacAne','amacane2a@wufoo.com','3880700161','Suite 91','Female','36',5,17,7860),('M0084','AD2','Edvard','Crowcroft','ecrowcroft2b@latimes.com','7593591321','PO Box 34731','Male','26',25,38,1840),('M0085','AD1','Catrina','Hallatt','challatt2c@bbc.co.uk','8154740633','Apt 1123','Female','51',26,38,6660),('M0086','AD2','Kipp','Brainsby','kbrainsby2d@bloomberg.com','9137031743','Apt 1124','Male','51',5,72,8910),('M0087','AD2','Julietta','Camis','jcamis2e@themeforest.net','1103883857','PO Box 38656','Female','3',46,50,9870),('M0088','AD1','Karine','Duigan','kduigan2f@nsw.gov.au','1239071129','Suite 26','Female','23',12,88,2990),('M0089','AD2','Dante','Dallan','ddallan2g@w3.org','589680878','Apt 852','Male','51',66,74,9400),('M0090','AD2','Holden','Kezar','hkezar2h@engadget.com','3554123042','1st Floor','Male','74',47,79,4850),('M0091','AD1','Cami','Smeal','csmeal2i@hostgator.com','6225436867','11th Floor','Polygender','72',30,56,4300),('M0092','AD2','Rhoda','Werner','rwerner2j@skype.com','7956095365','PO Box 70024','Female','72',22,77,3140),('M0093','AD1','Tiffie','Murrthum','tmurrthum2k@barnesandnoble.com','7260476031','Suite 63','Female','69',1,44,2620),('M0094','AD2','Nert','Brooker','nbrooker2l@dmoz.org','6707767481','Apt 1530','Female','76',19,44,8440),('M0095','AD1','Levi','Purseglove','lpurseglove2m@businesswire.com','5982734617','Suite 96','Male','11',5,76,8690),('M0096','AD1','Devina','Scoyne','dscoyne2n@quantcast.com','8458037102','Apt 579','Female','86',32,37,3460),('M0097','AD1','Corty','Novotni','cnovotni2o@nbcnews.com','4977585852','7th Floor','Male','91',93,3,1850),('M0098','AD2','Mathilda','Goodfield','mgoodfield2p@discovery.com','8811946596','Room 912','Female','43',18,16,9000),('M0099','AD1','Galvan','Gowdy','ggowdy2q@admin.ch','3445682612','Apt 90','Male','31',39,40,2250),('M0100','AD1','Lucas','Woolacott','lwoolacott2r@disqus.com','1497250698','PO Box 64278','Male','48',43,64,8720);
/*!40000 ALTER TABLE `managers` ENABLE KEYS */;
UNLOCK TABLES;

--
-- Table structure for table `manufacturer`
--

DROP TABLE IF EXISTS `manufacturer`;
/*!40101 SET @saved_cs_client     = @@character_set_client */;
/*!50503 SET character_set_client = utf8mb4 */;
CREATE TABLE `manufacturer` (
  `Manufacturer_ID` varchar(20) NOT NULL,
  `Manager_Id` varchar(45) DEFAULT NULL,
  `Name` varchar(45) NOT NULL,
  `Address` varchar(45) NOT NULL,
  `Phone_Number` varchar(45) NOT NULL,
  `Email_ID` varchar(45) NOT NULL,
  `Number_of_Products` int DEFAULT NULL,
  `Payments` int DEFAULT NULL,
  `Category_Name` varchar(45) DEFAULT NULL,
  `Category_ID` varchar(45) DEFAULT NULL,
  PRIMARY KEY (`Manufacturer_ID`),
  UNIQUE KEY `Manufacturer_ID_UNIQUE` (`Manufacturer_ID`),
  KEY `Manager_ID_idx` (`Manager_Id`),
  KEY `Category_ID_idx` (`Category_ID`),
  CONSTRAINT `Manager_ID2` FOREIGN KEY (`Manager_Id`) REFERENCES `managers` (`Manager_ID`)
) ENGINE=InnoDB DEFAULT CHARSET=utf8mb4 COLLATE=utf8mb4_0900_ai_ci;
/*!40101 SET character_set_client = @saved_cs_client */;

--
-- Dumping data for table `manufacturer`
--

LOCK TABLES `manufacturer` WRITE;
/*!40000 ALTER TABLE `manufacturer` DISABLE KEYS */;
INSERT INTO `manufacturer` VALUES ('MD0001','M0001','Haley-Marquardt','Apt 1263','8563766628','mlinkie0@va.gov',31200,1950,'Daily Use','CT001'),('MD0002','M0002','Douglas Inc','Room 154','6875440853','mtower1@nytimes.com',77000,1880,'Clothes','CT002'),('MD0003','M0003','Zemlak, Sawayn and Nicolas','PO Box 88266','5810698498','bhathaway2@usda.gov',18500,8780,'Electronics','CT003'),('MD0004','M0004','Wisoky, Quitzon and Lebsack','PO Box 34003','8419233630','maronsohn3@disqus.com',79700,6850,'Daily Use','CT001'),('MD0005','M0005','Schneider, Goldner and Rodriguez','Room 1011','967993768','vachromov4@fda.gov',79000,790,'Clothes','CT002'),('MD0006','M0006','McGlynn, McGlynn and Bosco','Room 582','9053612015','lsimonitto5@wisc.edu',77300,2530,'Electronics','CT003'),('MD0007','M0007','Gutmann and Sons','PO Box 73595','3901793295','mvickery6@wsj.com',5500,4290,'Cosmetics','CT004'),('MD0008','M0008','Brakus, Cassin and Collier','Room 1365','4195094375','jromer7@plala.or.jp',90500,8040,'Daily Use','CT001'),('MD0009','M0009','Klocko-Conroy','Suite 81','6301055056','dmaccaig8@hexun.com',63100,2960,'Clothes','CT002'),('MD0010','M0010','Williamson Group','18th Floor','9416670434','dtownsend9@mozilla.org',4300,1810,'Electronics','CT003'),('MD0011','M0011','Monahan-Reichel','Apt 796','7371957034','ihazlewooda@blinklist.com',96700,350,'Cosmetics','CT004'),('MD0012','M0012','Brown, Bergnaum and Schimmel','Suite 35','9173150414','achsteneyb@nih.gov',67100,60,'Daily Use','CT001'),('MD0013','M0013','Baumbach-Goyette','PO Box 9880','3083455633','jpatifieldc@icio.us',95300,3710,'Clothes','CT002'),('MD0014','M0014','Towne-Adams','Room 1747','3903835125','drhydderchd@zdnet.com',29300,1310,'Electronics','CT003'),('MD0015','M0015','Jerde-Shanahan','PO Box 26718','3592848876','abrockinge@google.pl',67700,5210,'Cosmetics','CT004'),('MD0016','M0016','Dach-Franecki','Apt 1633','7771274077','ccassellf@vinaora.com',85900,4580,'Daily Use','CT001'),('MD0017','M0017','Wilkinson and Sons','Suite 91','4270229862','mstockallg@blogger.com',69800,3840,'Clothes','CT002'),('MD0018','M0018','Streich-Prohaska','Suite 29','4323951820','bgelderdh@taobao.com',89400,6250,'Electronics','CT003'),('MD0019','M0019','MacGyver-Boyle','PO Box 60127','8021622913','elevitti@redcross.org',5100,3590,'Cosmetics','CT004'),('MD0020','M0020','Lehner-Rowe','6th Floor','3147945505','lmousej@tripadvisor.com',88600,3550,'Daily Use','CT001'),('MD0021','M0021','Sporer-Hamill','Room 1055','2857311970','bwoodcraftk@desdev.cn',32500,4450,'Clothes','CT002'),('MD0022','M0022','Klocko, Rogahn and Jerde','Room 708','2289046786','doloinnl@rambler.ru',3000,2960,'Electronics','CT003'),('MD0023','M0023','Gaylord, Roob and Upton','PO Box 74578','9617023106','wholtm@tuttocitta.it',60300,9080,'Cosmetics','CT004'),('MD0024','M0024','Mayer, Rosenbaum and Anderson','PO Box 63199','2826199707','rheatonn@dropbox.com',64900,4060,'Daily Use','CT001'),('MD0025','M0025','Sipes, Hills and Osinski','Suite 41','3480180577','dtagueo@tumblr.com',22000,60,'Clothes','CT002'),('MD0026','M0026','Beier Inc','PO Box 50037','2914229019','sshelbournep@bluehost.com',55300,5110,'Electronics','CT003'),('MD0027','M0027','Ratke, Leannon and Kilback','Suite 99','3329084748','apegdenq@furl.net',34600,7370,'Cosmetics','CT004'),('MD0028','M0028','Effertz Group','Apt 1290','74332018','ccissonr@craigslist.org',48600,4550,'Daily Use','CT001'),('MD0029','M0029','Blick Inc','PO Box 67336','4312279372','bmcquillens@hostgator.com',93000,3680,'Clothes','CT002'),('MD0030','M0030','Hills, Kiehn and Balistreri','Apt 480','3510478779','wwestbyt@bravesites.com',15600,2810,'Electronics','CT003'),('MD0031','M0031','Prohaska Inc','PO Box 86262','3338897645','ndrillingcourtu@hugedomains.com',86300,8540,'Cosmetics','CT004'),('MD0032','M0032','Reilly, Heller and Cummerata','Room 1657','5716447624','ejilkesv@liveinternet.ru',87800,1480,'Daily Use','CT001'),('MD0033','M0033','Cole-Keebler','Suite 85','6248244157','glazarw@time.com',2500,8140,'Clothes','CT002'),('MD0034','M0034','Goldner-Kilback','PO Box 3610','2304727471','omargriex@qq.com',72100,8590,'Electronics','CT003'),('MD0035','M0035','Brekke-Keeling','PO Box 5510','9606272747','chassiny@theglobeandmail.com',31400,3340,'Cosmetics','CT004'),('MD0036','M0036','Medhurst, Kiehn and Deckow','Suite 1','4059359469','bbleakmanz@ihg.com',29600,5240,'Daily Use','CT001'),('MD0037','M0037','Bashirian, Kuvalis and Kirlin','Suite 32','5633654898','friste10@tinypic.com',97700,9590,'Clothes','CT002'),('MD0038','M0038','Littel-Gibson','Apt 367','5045849943','acoffee11@nytimes.com',9700,9230,'Electronics','CT003'),('MD0039','M0039','Tromp-Wiza','Suite 42','1787057078','lraselles12@columbia.edu',16500,4890,'Cosmetics','CT004'),('MD0040','M0040','Volkman, Bergstrom and Hartmann','Suite 13','8083376156','tandrioni13@uiuc.edu',52300,6720,'Daily Use','CT001'),('MD0041','M0041','Beer and Sons','5th Floor','4973439573','ggillitt14@technorati.com',91200,6540,'Clothes','CT002'),('MD0042','M0042','Mayer, Windler and Aufderhar','15th Floor','3431414650','lriley15@sun.com',53100,7280,'Electronics','CT003'),('MD0043','M0043','Wolff, Kuphal and Olson','Room 1054','8191332360','crishbrook16@i2i.jp',7700,9780,'Cosmetics','CT004'),('MD0044','M0044','Halvorson, Abshire and Kohler','Room 526','1864824643','tkurten17@google.fr',49900,6600,'Daily Use','CT001'),('MD0045','M0045','Mraz, Wisozk and Carter','Apt 658','8918087373','bgurg18@skype.com',9000,5130,'Clothes','CT002'),('MD0046','M0046','Douglas-Hettinger','Apt 1336','8443360798','dberthod19@addthis.com',52100,9080,'Electronics','CT003'),('MD0047','M0047','Shanahan, Mayert and Graham','PO Box 16696','7820503458','flitel1a@tamu.edu',29000,2090,'Cosmetics','CT004'),('MD0048','M0048','Pacocha, Osinski and Douglas','Apt 805','5284570905','bbeekmann1b@devhub.com',2400,2330,'Daily Use','CT001'),('MD0049','M0049','Schuppe LLC','Room 932','1908013822','cdunlop1c@about.com',59300,250,'Clothes','CT002'),('MD0050','M0050','Daniel LLC','Apt 881','5733772455','jviggers1d@marriott.com',50300,6770,'Electronics','CT003'),('MD0051','M0051','Keebler, Gleason and Sauer','Room 1890','1558839824','vespinoza1e@desdev.cn',96400,6160,'Cosmetics','CT004'),('MD0052','M0052','Wolf-Watsica','Room 1914','5100720808','drawcliff1f@shop-pro.jp',33200,9780,'Daily Use','CT001'),('MD0053','M0053','Fritsch, Kuhlman and Welch','PO Box 97650','4015005079','sstredder1g@clickbank.net',40100,1650,'Clothes','CT002'),('MD0054','M0054','Cronin Inc','3rd Floor','3026391555','jpears1h@amazonaws.com',84800,6910,'Electronics','CT003'),('MD0055','M0055','Beier Group','Suite 95','3733407714','eharley1i@guardian.co.uk',98500,9230,'Cosmetics','CT004'),('MD0056','M0056','Bogan-Gerlach','PO Box 8254','8444175226','dstrothers1j@vimeo.com',14100,5310,'Daily Use','CT001'),('MD0057','M0057','Fisher, Huel and Blick','6th Floor','9787302404','jpendle1k@cbc.ca',18800,470,'Clothes','CT002'),('MD0058','M0058','Sporer Inc','PO Box 70284','7948947057','bferrarello1l@arstechnica.com',29800,5660,'Electronics','CT003'),('MD0059','M0059','Tremblay and Sons','Room 532','4564104324','clikly1m@webmd.com',85500,5030,'Cosmetics','CT004'),('MD0060','M0060','Klein, Nitzsche and Reilly','Apt 568','930702835','jmarcome1n@skyrock.com',96900,7140,'Daily Use','CT001'),('MD0061','M0061','Tromp Inc','PO Box 61490','4082483726','ncausley1o@deliciousdays.com',68800,5610,'Clothes','CT002'),('MD0062','M0062','Dare LLC','11th Floor','6155165668','lyankov1p@tripadvisor.com',78600,1190,'Electronics','CT003'),('MD0063','M0063','Lind LLC','Apt 886','2721385666','knottle1q@earthlink.net',18500,1990,'Cosmetics','CT004'),('MD0064','M0064','Grimes, Schneider and Reichert','PO Box 98804','5248081708','bcommuzzo1r@nytimes.com',55600,2110,'Daily Use','CT001'),('MD0065','M0065','Pfeffer-Kuhic','Suite 36','3460272476','dsambles1s@myspace.com',63800,4820,'Clothes','CT002'),('MD0066','M0066','Sanford, Kilback and Prosacco','Apt 1948','5530215243','bfavey1t@icio.us',41000,1870,'Electronics','CT003'),('MD0067','M0067','Kuhlman LLC','PO Box 2285','9949049125','mfouracres1u@hibu.com',55000,5780,'Cosmetics','CT004'),('MD0068','M0068','Swaniawski, Pfeffer and Kuhlman','Room 1624','5986704115','gwhiteside1v@e-recht24.de',83400,3610,'Daily Use','CT001'),('MD0069','M0069','Murphy-Halvorson','PO Box 36251','3925959723','ddevenport1w@netvibes.com',74200,6520,'Clothes','CT002'),('MD0070','M0070','Legros, Skiles and Stamm','PO Box 59589','2772549703','smcgarrahan1x@businessinsider.com',1400,5240,'Electronics','CT003'),('MD0071','M0071','Ritchie-Nikolaus','Apt 657','3055456821','dbelchem1y@amazon.de',36300,8330,'Cosmetics','CT004'),('MD0072','M0072','Koepp LLC','Apt 1696','9173681019','jbosden1z@vkontakte.ru',71200,5720,'Daily Use','CT001'),('MD0073','M0073','Altenwerth, Abbott and Grant','Room 167','8754552262','lgrubey20@merriam-webster.com',700,370,'Clothes','CT002'),('MD0074','M0074','Herman, Hane and Yost','PO Box 25719','7254240035','toscannill21@joomla.org',2200,1100,'Electronics','CT003'),('MD0075','M0075','Zemlak LLC','PO Box 90079','1492164309','pjewitt22@altervista.org',12800,8690,'Cosmetics','CT004'),('MD0076','M0076','Hagenes Inc','Suite 41','2261806030','hrignold23@kickstarter.com',7100,6650,'Daily Use','CT001'),('MD0077','M0077','Tremblay LLC','2nd Floor','7904604162','cbodicam24@adobe.com',31700,7500,'Clothes','CT002'),('MD0078','M0078','Crooks-Pouros','7th Floor','2801280005','fmathen25@dedecms.com',83900,7700,'Electronics','CT003'),('MD0079','M0079','Schuster, Murray and Osinski','4th Floor','8222941530','jeatock26@ehow.com',87500,1700,'Cosmetics','CT004'),('MD0080','M0080','Abernathy Inc','Room 714','772677607','sthirtle27@mtv.com',77500,450,'Daily Use','CT001'),('MD0081','M0081','McLaughlin-Watsica','Suite 59','439699866','earonstam28@netlog.com',34400,9170,'Clothes','CT002'),('MD0082','M0082','Renner, Bradtke and Waters','10th Floor','1597555899','amannie29@odnoklassniki.ru',52800,6500,'Electronics','CT003'),('MD0083','M0083','Hilll-Murray','1st Floor','2178439','bhawton2a@noaa.gov',33600,8790,'Cosmetics','CT004'),('MD0084','M0084','Collier, Rohan and Sporer','18th Floor','1095729563','epallis2b@ucla.edu',12900,560,'Daily Use','CT001'),('MD0085','M0085','Johnston Inc','Suite 67','8992463296','mbarrell2c@yolasite.com',94600,5980,'Clothes','CT002'),('MD0086','M0086','Johnson LLC','Room 999','1220877647','emcgrotty2d@slashdot.org',55100,8060,'Electronics','CT003'),('MD0087','M0087','Johnston-Douglas','13th Floor','8444095711','cdrury2e@home.pl',12400,8890,'Cosmetics','CT004'),('MD0088','M0088','Rosenbaum LLC','17th Floor','78921435','rmetson2f@pbs.org',24200,5740,'Daily Use','CT001'),('MD0089','M0089','VonRueden and Sons','20th Floor','3347129497','abedlington2g@creativecommons.org',61500,6610,'Clothes','CT002'),('MD0090','M0090','Stokes Inc','Suite 14','581527948','ahauger2h@rediff.com',72700,630,'Electronics','CT003'),('MD0091','M0091','Jacobs-Schuster','Room 673','5073248712','lalgy2i@alibaba.com',78900,6770,'Cosmetics','CT004'),('MD0092','M0092','Bradtke, Jaskolski and Strosin','Room 1839','5714471194','bspurden2j@prnewswire.com',54500,7790,'Daily Use','CT001'),('MD0093','M0093','King Inc','Room 1242','8674548841','pbecom2k@tinypic.com',65900,5510,'Clothes','CT002'),('MD0094','M0094','Gorczany, Kub and Welch','PO Box 75974','2749370162','mwidmoor2l@a8.net',50800,3440,'Electronics','CT003'),('MD0095','M0095','Parisian-Feeney','Room 102','7190024849','pkingzett2m@usnews.com',65000,5290,'Cosmetics','CT004'),('MD0096','M0096','Emard-Greenfelder','15th Floor','1559083034','gnuzzetti2n@house.gov',39300,7170,'Daily Use','CT001'),('MD0097','M0097','Murray Group','Room 903','3821727007','jviney2o@tripod.com',59600,2910,'Clothes','CT002'),('MD0098','M0098','Hodkiewicz, Wunsch and Beer','Apt 599','2132411815','closty2p@amazonaws.com',76900,5010,'Electronics','CT003'),('MD0099','M0099','Goldner-McCullough','Apt 349','2961921904','cgreig2q@forbes.com',17300,4990,'Cosmetics','CT004'),('MD0100','M0100','Farrell-Miller','Apt 1657','7435686769','bworsall2r@over-blog.com',68500,1550,'Cosmetics','CT004');
/*!40000 ALTER TABLE `manufacturer` ENABLE KEYS */;
UNLOCK TABLES;

--
-- Table structure for table `orders`
--

DROP TABLE IF EXISTS `orders`;
/*!40101 SET @saved_cs_client     = @@character_set_client */;
/*!50503 SET character_set_client = utf8mb4 */;
CREATE TABLE `orders` (
  `Order_ID` varchar(20) NOT NULL,
  `Customer_ID` varchar(45) NOT NULL,
  `Order_Status` varchar(200) DEFAULT NULL,
  `Date` date DEFAULT NULL,
  `Mode_Of_Payment` varchar(100) NOT NULL,
  `Discount` int DEFAULT NULL,
  `Amount` int DEFAULT NULL,
  PRIMARY KEY (`Order_ID`),
  UNIQUE KEY `Order_ID_UNIQUE` (`Order_ID`),
  KEY `Customer_ID_idx` (`Customer_ID`),
  CONSTRAINT `Customer_ID` FOREIGN KEY (`Customer_ID`) REFERENCES `customers` (`Customer_ID`)
) ENGINE=InnoDB DEFAULT CHARSET=utf8mb4 COLLATE=utf8mb4_0900_ai_ci;
/*!40101 SET character_set_client = @saved_cs_client */;

--
-- Dumping data for table `orders`
--

LOCK TABLES `orders` WRITE;
/*!40000 ALTER TABLE `orders` DISABLE KEYS */;
INSERT INTO `orders` VALUES ('OD001','C0001','Order Received','2022-06-29','Online',10,420),('OD002','C0002','Out for delivery','2022-05-07','Online',10,2000),('OD003','C0003','Out for delivery','2021-12-18','Online',10,500),('OD004','C0004','Out for delivery','2022-08-06','Online',20,50),('OD005','C0005','Packed','2021-08-06','COD',30,2500),('OD006','C0006','Out for delivery','2022-08-09','COD',30,540),('OD007','C0007','Out for delivery','2021-07-22','COD',0,5210),('OD008','C0008','Packed','2022-03-11','COD',10,1100),('OD009','C0009','Packed','2021-11-27','COD',20,1000),('OD010','C0010','Packed','2021-11-03','COD',20,1200),('OD011','C0011','Packed','2022-10-30','COD',0,10000),('OD012','C0012','Packed','2022-03-15','COD',0,1500),('OD013','C0013','Packed','2021-03-26','COD',30,1555),('OD014','C0014','Packed','2022-09-18','COD',0,4580),('OD015','C0015','Out for delivery','2021-06-20','COD',0,900),('OD016','C0016','Order Received','2021-05-31','COD',20,9000),('OD017','C0017','Order Received','2021-08-26','COD',0,9899),('OD018','C0018','Packed','2022-09-22','COD',0,560),('OD019','C0019','Packed','2021-06-03','Online',0,540),('OD020','C0020','Packed','2021-11-02','Online',10,2580),('OD021','C0021','Packed','2021-12-05','Online',0,12560),('OD022','C0022','Packed','2022-09-15','Online',0,1230),('OD023','C0023','Packed','2021-06-18','Online',0,1450),('OD024','C0024','Packed','2021-05-11','Online',0,1250),('OD025','C0025','Out for delivery','2023-01-19','Online',0,1470),('OD026','C0026','Packed','2021-06-22','Online',0,140),('OD027','C0027','Out for delivery','2021-07-19','Online',10,120),('OD028','C0028','Packed','2021-05-04','Online',10,1520),('OD029','C0029','Packed','2021-12-10','COD',10,160),('OD030','C0030','Packed','2022-01-07','COD',20,360),('OD031','C0031','Packed','2022-02-23','Online',20,960),('OD032','C0032','Packed','2021-11-21','Online',10,560),('OD033','C0033','Packed','2022-09-15','COD',20,250),('OD034','C0034','Order Received','2023-01-10','Online',30,520),('OD035','C0035','Order Received','2021-05-14','Online',10,5000),('OD036','C0036','Order Received','2021-12-03','Online',10,400),('OD037','C0037','Order Received','2021-10-27','Online',10,120),('OD038','C0038','Out for delivery','2021-05-10','Online',10,1260),('OD039','C0039','Out for delivery','2021-06-03','Online',10,9850),('OD040','C0040','Out for delivery','2022-01-19','Online',20,5900),('OD041','C0041','Out for delivery','2022-10-01','Online',20,5800),('OD042','C0042','Out for delivery','2022-01-17','COD',20,5700),('OD043','C0043','Out for delivery','2021-08-07','COD',10,570),('OD044','C0044','Packed','2022-10-09','COD',20,5470),('OD045','C0045','Packed','2021-08-20','COD',10,560),('OD046','C0046','Out for delivery','2022-03-15','COD',20,540),('OD047','C0047','Order Received','2021-05-13','COD',10,250),('OD048','C0048','Packed','2022-12-20','COD',20,130),('OD049','C0049','Out for delivery','2023-01-29','COD',30,140),('OD050','C0050','Order Received','2022-02-02','COD',20,250),('OD051','C0051','Packed','2022-02-12','COD',20,350),('OD052','C0052','Packed','2022-07-10','COD',20,450),('OD053','C0053','Out for delivery','2021-05-20','COD',10,260),('OD054','C0054','Order Received','2021-11-03','COD',10,160),('OD055','C0055','Packed','2022-12-09','Online',20,180),('OD056','C0056','Order Received','2022-02-17','Online',20,190),('OD057','C0057','Out for delivery','2022-05-11','Online',20,390),('OD058','C0058','Order Received','2022-04-01','Online',20,250),('OD059','C0059','Order Received','2021-08-11','Online',10,490),('OD060','C0060','Packed','2022-02-24','Online',20,560),('OD061','C0061','Order Received','2022-03-24','Online',20,1230),('OD062','C0062','Packed','2023-01-21','Online',30,1520),('OD063','C0063','Out for delivery','2022-02-12','Online',20,1890),('OD064','C0064','Packed','2022-10-04','Online',20,1750),('OD065','C0065','Out for delivery','2022-11-20','Online',20,1000),('OD066','C0066','Order Received','2021-09-02','Online',10,1000),('OD067','C0067','Order Received','2021-07-17','Online',10,2010),('OD068','C0068','Packed','2022-06-21','Online',20,250),('OD069','C0069','Out for delivery','2021-12-29','Online',10,2580),('OD070','C0070','Order Received','2022-11-25','COD',20,2850),('OD071','C0071','Out for delivery','2021-05-26','COD',10,2690),('OD072','C0072','Order Received','2021-03-18','Online',10,1520),('OD073','C0073','Packed','2022-03-31','COD',20,2580),('OD074','C0074','Out for delivery','2021-12-04','COD',10,12560),('OD075','C0075','Packed','2022-09-15','COD',20,1250),('OD076','C0076','Packed','2022-04-29','Online',20,14520),('OD077','C0077','Order Received','2021-11-17','Online',10,140),('OD078','C0078','Order Received','2022-02-20','Online',20,1400),('OD079','C0079','Out for delivery','2022-01-14','COD',20,1500),('OD080','C0080','Order Received','2021-07-11','Online',10,1300),('OD081','C0081','Packed','2022-07-17','COD',20,1600),('OD082','C0082','Packed','2022-10-16','COD',20,1800),('OD083','C0083','Order Received','2022-12-18','COD',20,180),('OD084','C0084','Out for delivery','2022-09-15','COD',20,190),('OD085','C0085','Packed','2021-08-25','Online',10,120),('OD086','C0086','Packed','2022-10-30','Online',20,150),('OD087','C0087','Order Received','2021-11-06','Online',10,200),('OD088','C0088','Out for delivery','2021-11-16','Online',10,200),('OD089','C0089','Order Received','2022-02-15','COD',20,250),('OD090','C0090','Order Received','2022-08-08','COD',20,260),('OD091','C0091','Order Received','2022-12-23','COD',20,120),('OD092','C0092','Packed','2021-10-07','COD',10,520),('OD093','C0093','Packed','2022-12-31','Online',20,1250),('OD094','C0094','Out for delivery','2022-11-23','COD',20,1250),('OD095','C0095','Order Received','2023-01-20','Online',30,560),('OD096','C0096','Order Received','2022-12-20','COD',20,580),('OD097','C0097','Packed','2021-04-12','COD',10,560),('OD098','C0098','Packed','2022-01-11','COD',20,580),('OD099','C0099','Packed','2022-10-23','Online',20,450),('OD100','C0100','Out for delivery','2021-05-13','COD',11,480);
/*!40000 ALTER TABLE `orders` ENABLE KEYS */;
UNLOCK TABLES;

--
-- Table structure for table `products`
--

DROP TABLE IF EXISTS `products`;
/*!40101 SET @saved_cs_client     = @@character_set_client */;
/*!50503 SET character_set_client = utf8mb4 */;
CREATE TABLE `products` (
  `Product_ID` varchar(20) NOT NULL,
  `Product_Name` varchar(100) NOT NULL,
  `Price` int NOT NULL,
  `Quantity` int NOT NULL,
  `Net_Weight` int DEFAULT NULL,
  `Category_ID` varchar(20) NOT NULL,
  `Category_Name` varchar(45) NOT NULL,
  PRIMARY KEY (`Product_ID`),
  UNIQUE KEY `Product_ID_UNIQUE` (`Product_ID`)
) ENGINE=InnoDB DEFAULT CHARSET=utf8mb4 COLLATE=utf8mb4_0900_ai_ci;
/*!40101 SET character_set_client = @saved_cs_client */;

--
-- Dumping data for table `products`
--

LOCK TABLES `products` WRITE;
/*!40000 ALTER TABLE `products` DISABLE KEYS */;
INSERT INTO `products` VALUES ('PD001','Apples',390,250,9019,'CT001','Daily Use'),('PD002','Bread',950,250,7671,'CT001','Daily Use'),('PD003','Rice',690,250,425,'CT001','Daily Use'),('PD004','Milk',660,250,2665,'CT001','Daily Use'),('PD005','Flour',180,250,7262,'CT001','Daily Use'),('PD006','Potatoes',240,250,1684,'CT001','Daily Use'),('PD007','Tomatoes',660,250,6201,'CT001','Daily Use'),('PD008','Mangoes',810,250,8652,'CT001','Daily Use'),('PD009','Baking Powder',100,250,909,'CT001','Daily Use'),('PD010','Masale',840,250,5584,'CT001','Daily Use'),('PD011','Cream',730,250,1215,'CT001','Daily Use'),('PD012','Spinach',100,250,6181,'CT001','Daily Use'),('PD013','Chips',400,250,3748,'CT001','Daily Use'),('PD014','Biscuits',860,250,1322,'CT001','Daily Use'),('PD015','Shakes',350,250,689,'CT001','Daily Use'),('PD016','Capsicum',460,250,9877,'CT001','Daily Use'),('PD017','Juice',240,250,683,'CT001','Daily Use'),('PD018','Papaya',690,250,4897,'CT001','Daily Use'),('PD019','Cherries',620,250,7618,'CT001','Daily Use'),('PD020','Cucumber',960,250,5270,'CT001','Daily Use'),('PD021','Carrot',410,250,2807,'CT001','Daily Use'),('PD022','Beetroot',980,250,4968,'CT001','Daily Use'),('PD023','Watermelon',360,250,9297,'CT001','Daily Use'),('PD024','Quinua',310,250,3023,'CT001','Daily Use'),('PD025','Flax seeds',950,250,3029,'CT001','Daily Use'),('PD026','Jeans',710,500,6324,'CT002','Clothes'),('PD027','Leggings',110,500,1463,'CT002','Clothes'),('PD028','Shorts',250,500,8212,'CT002','Clothes'),('PD029','Tops',770,500,229,'CT002','Clothes'),('PD030','Shirts',420,500,4013,'CT002','Clothes'),('PD031','T-Shirts',140,500,628,'CT002','Clothes'),('PD032','Pyjamas',380,500,8240,'CT002','Clothes'),('PD033','Loafers',400,500,1793,'CT002','Clothes'),('PD034','Sneakers',500,500,9205,'CT002','Clothes'),('PD035','Sport Shoes',490,500,9892,'CT002','Clothes'),('PD036','Work Shoes',20,500,2029,'CT002','Clothes'),('PD037','Pants',370,500,4903,'CT002','Clothes'),('PD038','Suits',720,500,1265,'CT002','Clothes'),('PD039','Ties',280,500,6660,'CT002','Clothes'),('PD040','Dresses',570,500,4453,'CT002','Clothes'),('PD041','Indian',120,500,3024,'CT002','Clothes'),('PD042','Western',950,500,3538,'CT002','Clothes'),('PD043','Indo-Western',720,500,7248,'CT002','Clothes'),('PD044','Jackets',560,500,7135,'CT002','Clothes'),('PD045','Sweatshirts',900,500,6927,'CT002','Clothes'),('PD046','Lowers',660,500,4550,'CT002','Clothes'),('PD047','Trousers',530,500,507,'CT002','Clothes'),('PD048','Heels',160,500,5123,'CT002','Clothes'),('PD049','Flats',720,500,2139,'CT002','Clothes'),('PD050','Microphones',930,500,6732,'CT003','Electronics'),('PD051','Microwave',110,500,2681,'CT003','Electronics'),('PD052','Oven',0,500,8246,'CT003','Electronics'),('PD053','Tandoor',770,500,6054,'CT003','Electronics'),('PD054','Laptop',680,500,8974,'CT003','Electronics'),('PD055','Computer',680,500,8779,'CT003','Electronics'),('PD056','Keyboard',290,500,2473,'CT003','Electronics'),('PD057','TV',60,500,691,'CT003','Electronics'),('PD058','Refrigerator',520,500,8404,'CT003','Electronics'),('PD059','Air Conditioner',340,500,9507,'CT003','Electronics'),('PD060','Washing Machine',600,500,7917,'CT003','Electronics'),('PD061','Heaters',660,500,259,'CT003','Electronics'),('PD062','Coolers',180,500,2286,'CT003','Electronics'),('PD063','Fans',60,500,2432,'CT003','Electronics'),('PD064','Boiler',900,500,2029,'CT003','Electronics'),('PD065','Headphones',720,500,2215,'CT003','Electronics'),('PD066','Hands free',380,500,163,'CT003','Electronics'),('PD067','Kettle',350,500,4731,'CT003','Electronics'),('PD068','Tablets',210,500,5078,'CT003','Electronics'),('PD069','SmartPhones',170,500,1382,'CT003','Electronics'),('PD070','Ipads',280,500,5322,'CT003','Electronics'),('PD071','Iphones',110,500,4432,'CT003','Electronics'),('PD072','Stylus',900,500,2405,'CT003','Electronics'),('PD073','Cables',750,500,2990,'CT003','Electronics'),('PD074','Watches',640,500,6926,'CT003','Electronics'),('PD075','Creams',300,500,7216,'CT004','Cosmetics'),('PD076','Facewash',460,500,8412,'CT004','Cosmetics'),('PD077','Shampoo',450,500,4208,'CT004','Cosmetics'),('PD078','Soup',300,500,4695,'CT004','Cosmetics'),('PD079','Handwash',640,500,4203,'CT004','Cosmetics'),('PD080','Liquid Soup',240,500,1993,'CT004','Cosmetics'),('PD081','Gel',330,500,2758,'CT004','Cosmetics'),('PD082','Facemask',910,500,1438,'CT004','Cosmetics'),('PD083','Nail paints',140,500,4447,'CT004','Cosmetics'),('PD084','Cleaner',100,500,9296,'CT004','Cosmetics'),('PD085','Crocin',500,500,9085,'CT004','Cosmetics'),('PD086','Dolo',430,500,5821,'CT004','Cosmetics'),('PD087','Pain Killer',270,500,4841,'CT004','Cosmetics'),('PD088','Apricin',110,500,2767,'CT004','Cosmetics'),('PD089','Inhaler',40,500,4200,'CT004','Cosmetics'),('PD090','Lens',870,500,2122,'CT004','Cosmetics'),('PD091','Bandages',960,500,4143,'CT004','Cosmetics'),('PD092','Rose water',650,800,4501,'CT004','Cosmetics'),('PD093','Muraba',890,800,3862,'CT004','Cosmetics'),('PD094','Capsules',290,800,4154,'CT004','Cosmetics'),('PD095','Medicines',490,800,9171,'CT004','Cosmetics'),('PD096','Thermometer',550,450,5181,'CT004','Cosmetics'),('PD097','Safromycin',500,450,9033,'CT004','Cosmetics'),('PD098','Bitadine',30,450,2616,'CT004','Cosmetics'),('PD099','Toothbrush',450,450,9294,'CT004','Cosmetics'),('PD100','Toothpaste',390,450,1421,'CT004','Cosmetics');
/*!40000 ALTER TABLE `products` ENABLE KEYS */;
UNLOCK TABLES;

--
-- Table structure for table `sellers`
--

DROP TABLE IF EXISTS `sellers`;
/*!40101 SET @saved_cs_client     = @@character_set_client */;
/*!50503 SET character_set_client = utf8mb4 */;
CREATE TABLE `sellers` (
  `Seller_ID` varchar(20) NOT NULL,
  `Manager_Id` varchar(45) DEFAULT NULL,
  `Name` varchar(300) NOT NULL,
  `Address` varchar(45) NOT NULL,
  `Phone_Number` varchar(45) DEFAULT NULL,
  `Email_ID` varchar(45) DEFAULT NULL,
  `Number_Of_Products` int DEFAULT '0',
  `Payments` int DEFAULT NULL,
  `Category_ID` varchar(45) DEFAULT NULL,
  `Category_Name` varchar(45) DEFAULT NULL,
  PRIMARY KEY (`Seller_ID`),
  UNIQUE KEY `Seller_ID_UNIQUE` (`Seller_ID`),
  KEY `Manager_ID_idx` (`Manager_Id`),
  CONSTRAINT `Manager_ID1` FOREIGN KEY (`Manager_Id`) REFERENCES `managers` (`Manager_ID`)
) ENGINE=InnoDB DEFAULT CHARSET=utf8mb4 COLLATE=utf8mb4_0900_ai_ci;
/*!40101 SET character_set_client = @saved_cs_client */;

--
-- Dumping data for table `sellers`
--

LOCK TABLES `sellers` WRITE;
/*!40000 ALTER TABLE `sellers` DISABLE KEYS */;
INSERT INTO `sellers` VALUES ('S0001','M0001','Wolff Inc','83 Doe Crossing Street','9554381000','csnugg0@reddit.com',67300,5380,'CT001','Daily Use'),('S0002','M0002','Kshlerin and Sons','46259 Texas Crossing','7658190155','dmackley1@tinyurl.com',21300,450,'CT002','Clothes'),('S0003','M0003','Sporer-Boyer','1 Mccormick Hill','5744415624','tverbruggen2@domainmarket.com',69400,9840,'CT003','Electronics'),('S0004','M0004','Harvey Inc','649 Canary Junction','7815535760','mfenty3@homestead.com',75100,9260,'CT004','Cosmetics'),('S0005','M0005','Paucek and Sons','577 Warrior Crossing','2463215072','akopecka4@oakley.com',97000,4580,'CT001','Daily Use'),('S0006','M0006','Zboncak-Herzog','911 Shelley Point','1119991522','wgavan5@live.com',11700,2660,'CT002','Clothes'),('S0007','M0007','Mohr-Hettinger','9077 Novick Court','993920621','wcarlens6@washingtonpost.com',47900,3820,'CT003','Electronics'),('S0008','M0008','McCullough, Erdman and Cormier','362 Saint Paul Hill','9515297384','hflaxman7@businesswire.com',90700,7410,'CT004','Cosmetics'),('S0009','M0009','Rogahn Inc','5786 Pierstorff Parkway','9055346678','aworviell8@comsenz.com',20100,7830,'CT001','Daily Use'),('S0010','M0010','O\'Kon, Dooley and Stark','39971 Hanson Lane','1179229372','kdeveraux9@usda.gov',26100,4870,'CT002','Clothes'),('S0011','M0011','Metz Inc','787 Warrior Terrace','5289298142','mleavesa@bloomberg.com',37300,7350,'CT003','Electronics'),('S0012','M0012','Schultz, Hilll and Schroeder','79884 Sage Court','980370760','wbertomeub@last.fm',13800,5720,'CT004','Cosmetics'),('S0013','M0013','Rau, MacGyver and Lueilwitz','6 Melvin Lane','6649467649','bsamarthc@quantcast.com',63200,6630,'CT001','Daily Use'),('S0014','M0014','Runte-Prosacco','07 Grover Street','557876019','estonuaryd@xrea.com',38100,9710,'CT002','Clothes'),('S0015','M0015','O\'Reilly, Veum and Nitzsche','24 Dorton Alley','4631765321','lrozziere@tumblr.com',43400,7100,'CT003','Electronics'),('S0016','M0016','Willms and Sons','57110 Mariners Cove Drive','9576603620','mmckinnonf@yellowpages.com',30500,5770,'CT004','Cosmetics'),('S0017','M0017','Nienow-Bayer','80119 Erie Pass','5570955958','ibeinckeng@aboutads.info',92800,4230,'CT001','Daily Use'),('S0018','M0018','Nader, Daugherty and Tromp','13 Stuart Court','9972338968','mfussenh@instagram.com',35100,210,'CT002','Clothes'),('S0019','M0019','Stanton-Tremblay','77899 Pepper Wood Plaza','7830602889','ghavesidesi@scientificamerican.com',85000,8740,'CT003','Electronics'),('S0020','M0020','Hahn-Hansen','4146 Vera Plaza','8171673704','lburrellsj@opera.com',95000,8670,'CT004','Cosmetics'),('S0021','M0021','Botsford-Emard','132 Bobwhite Circle','3885250738','iwiddupk@unesco.org',15900,7970,'CT001','Daily Use'),('S0022','M0022','Koss and Sons','730 Buena Vista Way','3844587030','skingswoodl@hao123.com',22700,440,'CT002','Clothes'),('S0023','M0023','McGlynn Group','959 Ohio Junction','5734521273','dbogacem@godaddy.com',85700,6540,'CT003','Electronics'),('S0024','M0024','Hoppe-Veum','9 American Junction','7258106590','pbarringtonn@opera.com',700,9840,'CT004','Cosmetics'),('S0025','M0025','Olson Group','3246 Bunting Drive','564064182','kmorstono@mail.ru',26600,2700,'CT001','Daily Use'),('S0026','M0026','Daniel-Thompson','97987 Morningstar Trail','2012303357','jcrangp@netvibes.com',89600,370,'CT002','Clothes'),('S0027','M0027','West, Haag and Champlin','462 Steensland Circle','4128459655','sdeatheq@twitter.com',24400,7940,'CT003','Electronics'),('S0028','M0028','Hintz, Koss and Stamm','10772 Sundown Junction','6017174141','gcafferyr@nsw.gov.au',29900,1020,'CT004','Cosmetics'),('S0029','M0029','Hills, Huel and Shanahan','96 Donald Lane','6937862576','kmacpeakes@senate.gov',16200,6880,'CT001','Daily Use'),('S0030','M0030','Schultz-Runte','626 Northland Road','7737120534','nbramleyt@fema.gov',48100,1020,'CT002','Clothes'),('S0031','M0031','Moore, Muller and Kling','2 Westend Circle','5646554721','tjessenu@adobe.com',19300,9630,'CT003','Electronics'),('S0032','M0032','Mayer Inc','45 Merry Hill','304972664','jbaszkiewiczv@i2i.jp',26800,930,'CT004','Cosmetics'),('S0033','M0033','Cole-Bayer','2939 Fordem Parkway','6440567561','zrosternw@github.io',98000,4710,'CT001','Daily Use'),('S0034','M0034','Kiehn, Lehner and Hickle','95121 Manley Center','1596411530','rgodierx@miitbeian.gov.cn',32800,5390,'CT002','Clothes'),('S0035','M0035','Orn Group','3 Ludington Road','4529415005','rpricketty@vk.com',49500,920,'CT003','Electronics'),('S0036','M0036','McClure-Ritchie','035 Crescent Oaks Court','5337216056','abalfourz@amazon.de',40400,3530,'CT004','Cosmetics'),('S0037','M0037','Kovacek-King','8 Old Shore Street','7557239833','cdurbyn10@loc.gov',92700,4670,'CT001','Daily Use'),('S0038','M0038','Haag Group','9 Main Crossing','7002168443','iaubry11@economist.com',38700,4920,'CT002','Clothes'),('S0039','M0039','Hackett, Krajcik and Nitzsche','52 Arapahoe Terrace','6467680441','cfolkerts12@imageshack.us',46700,1610,'CT003','Electronics'),('S0040','M0040','Heidenreich-Schowalter','42759 Tomscot Drive','6454740634','bfaraday13@reverbnation.com',58900,940,'CT004','Cosmetics'),('S0041','M0041','Bradtke Inc','2997 Westridge Park','7306123782','jmacgaughey14@printfriendly.com',14000,8960,'CT001','Daily Use'),('S0042','M0042','Gusikowski, Orn and Maggio','9 Sunbrook Hill','1141272355','mcella15@hibu.com',10700,7800,'CT002','Clothes'),('S0043','M0043','Crona, Stracke and Casper','20 John Wall Crossing','6470526918','gmant16@omniture.com',87100,6520,'CT003','Electronics'),('S0044','M0044','Lesch, Hilpert and Waters','5373 Brickson Park Plaza','7683506100','jaberdalgy17@uiuc.edu',23100,2180,'CT004','Cosmetics'),('S0045','M0045','Leannon-Nikolaus','3 East Alley','2677956259','jmaffioletti18@mayoclinic.com',67300,3050,'CT001','Daily Use'),('S0046','M0046','Orn, Champlin and Lueilwitz','41 Anderson Crossing','9667378190','abreffit19@google.co.jp',58900,2960,'CT002','Clothes'),('S0047','M0047','Borer, Emard and Little','262 Prentice Road','9291132612','rnorway1a@europa.eu',79500,8510,'CT003','Electronics'),('S0048','M0048','Champlin LLC','5193 Maple Junction','1471282724','hcantera1b@scribd.com',70500,600,'CT004','Cosmetics'),('S0049','M0049','Hirthe Group','667 Tennyson Junction','4718117642','kgreener1c@studiopress.com',89100,670,'CT001','Daily Use'),('S0050','M0050','Ortiz Inc','8 Moland Street','960315293','hbower1d@51.la',82000,2970,'CT002','Clothes'),('S0051','M0051','Schiller-Stehr','45 Leroy Alley','6119939970','swhitehorne1e@businesswire.com',93400,3690,'CT003','Electronics'),('S0052','M0052','Mann-Boyle','48 Browning Place','8375875618','rfasse1f@ihg.com',39800,2980,'CT004','Cosmetics'),('S0053','M0053','Feest LLC','967 Grayhawk Crossing','2763360428','nmacmaster1g@gravatar.com',92700,3290,'CT001','Daily Use'),('S0054','M0054','Goldner and Sons','0342 Acker Crossing','8032815628','ndennert1h@moonfruit.com',47600,3370,'CT002','Clothes'),('S0055','M0055','Gulgowski-Weber','47 Lake View Alley','107111813','cdilley1i@dropbox.com',4700,6030,'CT003','Electronics'),('S0056','M0056','Gleason, Casper and Runolfsson','72725 Stoughton Street','7455284586','bhendrich1j@pbs.org',69900,9270,'CT004','Cosmetics'),('S0057','M0057','Harber, McDermott and Leffler','483 5th Crossing','3791074034','cgudgen1k@blog.com',12600,5550,'CT001','Daily Use'),('S0058','M0058','Goyette-Weber','52 Dennis Place','4296982334','gklimus1l@nytimes.com',96000,9860,'CT002','Clothes'),('S0059','M0059','Ebert-Blick','64286 Meadow Valley Park','354170362','oyourell1m@globo.com',15900,1310,'CT003','Electronics'),('S0060','M0060','Lynch, Reichel and Kling','643 Union Junction','7809453383','chirth1n@theguardian.com',14100,8930,'CT004','Cosmetics'),('S0061','M0061','Turner and Sons','627 Corben Drive','4250101660','zlindman1o@gizmodo.com',58900,1580,'CT001','Daily Use'),('S0062','M0062','Sipes-Morar','57 Mallard Street','5653680514','djacquot1p@geocities.com',88800,930,'CT002','Clothes'),('S0063','M0063','Will, Cormier and Rolfson','29 Packers Park','6858063272','adecruze1q@edublogs.org',93200,3850,'CT003','Electronics'),('S0064','M0064','Koch, Adams and Wiegand','5493 Brickson Park Pass','8222551608','dcoldicott1r@upenn.edu',99800,3950,'CT004','Cosmetics'),('S0065','M0065','Stroman-Stamm','70479 Manufacturers Lane','7290059944','aduran1s@cam.ac.uk',34400,4370,'CT001','Daily Use'),('S0066','M0066','Schmeler-Grant','25379 Monica Park','2950445876','nswanton1t@accuweather.com',69300,5120,'CT002','Clothes'),('S0067','M0067','Oberbrunner Inc','68921 Northwestern Way','2322574103','rhamblin1u@friendfeed.com',2500,7970,'CT003','Electronics'),('S0068','M0068','Bosco-Walter','985 Briar Crest Terrace','4289194714','tdahmel1v@constantcontact.com',14800,6470,'CT004','Cosmetics'),('S0069','M0069','Veum-Senger','8111 Westridge Park','885701726','sastall1w@360.cn',4700,1890,'CT001','Daily Use'),('S0070','M0070','Schoen, McDermott and Howe','38398 Cambridge Parkway','6944553320','sderrell1x@engadget.com',63400,6640,'CT002','Clothes'),('S0071','M0071','Yundt, Wolff and Breitenberg','7278 Dennis Street','3804449822','jgriffey1y@about.me',63400,9490,'CT003','Electronics'),('S0072','M0072','Kovacek-Dibbert','8 Muir Drive','4866292724','vgretton1z@mozilla.org',11000,2550,'CT004','Cosmetics'),('S0073','M0073','Blick, Wyman and Bashirian','337 Village Green Lane','430981540','gkiggel20@shop-pro.jp',54100,5020,'CT001','Daily Use'),('S0074','M0074','Mertz, O\'Kon and Waelchi','9 North Street','9865392381','dcubbit21@qq.com',33300,5870,'CT002','Clothes'),('S0075','M0075','Champlin-Pollich','116 Artisan Street','3759635304','trickaert22@sohu.com',81600,6040,'CT003','Electronics'),('S0076','M0076','Hamill Inc','62 Pankratz Junction','9323015592','limesen23@nymag.com',93100,3340,'CT004','Cosmetics'),('S0077','M0077','Ruecker-Rosenbaum','261 Farwell Lane','8230828265','eashtonhurst24@surveymonkey.com',88200,6980,'CT001','Daily Use'),('S0078','M0078','Ankunding LLC','9896 Dixon Parkway','1256304690','mmendus25@wordpress.org',74000,3710,'CT002','Clothes'),('S0079','M0079','Becker, Heidenreich and Farrell','8 Lake View Road','9734446178','hlofting26@seesaa.net',61200,7450,'CT003','Electronics'),('S0080','M0080','Gaylord and Sons','93889 Bluejay Center','6507705493','ncornes27@github.io',87200,3480,'CT004','Cosmetics'),('S0081','M0081','Homenick-Rohan','68837 Burrows Park','3074076921','ogibbett28@nytimes.com',8000,2070,'CT001','Daily Use'),('S0082','M0082','Borer Group','79 Thackeray Drive','9354485284','scorriea29@princeton.edu',3100,3940,'CT002','Clothes'),('S0083','M0083','Hagenes Inc','5 Crescent Oaks Junction','2188411661','poleahy2a@hibu.com',68400,7580,'CT003','Electronics'),('S0084','M0084','West and Sons','340 Eggendart Crossing','6033139953','cclulee2b@ebay.co.uk',81400,7850,'CT004','Cosmetics'),('S0085','M0085','Kshlerin, Kuhn and Ledner','7843 Sachtjen Drive','9826205255','smalling2c@mozilla.com',3800,4230,'CT001','Daily Use'),('S0086','M0086','Fay-Schmeler','44 Maywood Park','1850148576','tlamont2d@umich.edu',75600,6190,'CT002','Clothes'),('S0087','M0087','Flatley Inc','96256 Farragut Place','8215416917','tradenhurst2e@ask.com',5900,8680,'CT003','Electronics'),('S0088','M0088','Gleason Inc','58 Crest Line Crossing','7390965485','tpenfold2f@illinois.edu',99200,7000,'CT004','Cosmetics'),('S0089','M0089','Keebler, O\'Keefe and Wilkinson','285 Arizona Road','2474985443','ldeniske2g@spiegel.de',7400,7770,'CT001','Daily Use'),('S0090','M0090','Leannon, Quigley and Gaylord','9878 Lake View Plaza','2065105228','ikempston2h@gravatar.com',30900,3860,'CT002','Clothes'),('S0091','M0091','Ullrich-Frami','49320 Claremont Trail','9860582739','lwalewski2i@ustream.tv',69800,9200,'CT003','Electronics'),('S0092','M0092','Jerde Inc','80 Shopko Lane','4631424764','dloblie2j@wsj.com',22600,590,'CT004','Cosmetics'),('S0093','M0093','Emard, Johnson and Kutch','0349 Scoville Circle','9883000788','srames2k@mapquest.com',26400,9910,'CT001','Daily Use'),('S0094','M0094','Barton and Sons','2 Sauthoff Parkway','5182512452','bmolfino2l@indiegogo.com',97800,8460,'CT002','Clothes'),('S0095','M0095','Jakubowski-Pouros','41655 High Crossing Point','2273828631','cplante2m@springer.com',27900,5910,'CT003','Electronics'),('S0096','M0096','Williamson, Weber and O\'Keefe','7083 Walton Circle','1899930725','shoudmont2n@clickbank.net',2000,5300,'CT004','Cosmetics'),('S0097','M0097','Casper Inc','19322 School Center','9947036373','oscolland2o@biblegateway.com',26700,8340,'CT001','Daily Use'),('S0098','M0098','Turner, Bernhard and Breitenberg','27296 Bayside Terrace','2902944896','lelsy2p@geocities.jp',48300,9570,'CT002','Clothes'),('S0099','M0099','Leffler and Sons','84390 Pond Place','384246980','swhitsun2q@si.edu',18600,5320,'CT003','Electronics'),('S0100','M0100','Dickinson-Schoen','717 Mockingbird Terrace','341471058','hgive2r@deliciousdays.com',48700,7080,'CT004','Cosmetics');
/*!40000 ALTER TABLE `sellers` ENABLE KEYS */;
UNLOCK TABLES;

--
-- Dumping events for database 'dealsverge'
--

--
-- Dumping routines for database 'dealsverge'
--
/*!40103 SET TIME_ZONE=@OLD_TIME_ZONE */;

/*!40101 SET SQL_MODE=@OLD_SQL_MODE */;
/*!40014 SET FOREIGN_KEY_CHECKS=@OLD_FOREIGN_KEY_CHECKS */;
/*!40014 SET UNIQUE_CHECKS=@OLD_UNIQUE_CHECKS */;
/*!40101 SET CHARACTER_SET_CLIENT=@OLD_CHARACTER_SET_CLIENT */;
/*!40101 SET CHARACTER_SET_RESULTS=@OLD_CHARACTER_SET_RESULTS */;
/*!40101 SET COLLATION_CONNECTION=@OLD_COLLATION_CONNECTION */;
/*!40111 SET SQL_NOTES=@OLD_SQL_NOTES */;

-- Dump completed on 2023-02-17 23:34:00
